Movie name,year,ratings,movie genre,vote,directors name,language
Inside Out,5-Aug,2.42,Drama,409819,Tom Everett,Arabic
Chocolat,6-Aug,3.47,Sci-Fi,119754,Harry West,Ukrainian
Chronicles of Narnia,10-Jul,1.4,Thriller,1420862,Kurt Morrison,Hindi
Fantastic Beasts and Where To Find Them,11-Apr,7.68,Horror,1142792,Christy Cork,Vietnamese
Black Panther,13-Jun,5.66,Thriller,763692,Anthony Nielson,Hungarian
Black Panther,22-May,9.85,Sci-Fi,1086378,Eileen Tailor,Belarusian
Love,21-Aug,9.72,Romance,1855938,Erick Waterson,Somali
Snatch,3-Oct,3.41,Family,1086040,Georgia Ring,Azerbaijani
Blood Diamond,Mar-00,7.32,Thriller,1188878,Johnathan Mills,Assamese
Brimstone,20-Mar,2.31,History,954757,Georgia Wilton,Uzbek
Harry Potter and The Chamber Of Secrets,13-Oct,6.38,Thriller,600443,Fred Flett,Gan Chinese
Finding Dory,Oct-00,7.28,Comedy,646209,Joy Raven,Amharic
Shrek,13-Apr,5.45,Family,1722829,Winnie Drake,Spanish
Terminator I,16-Apr,9.9,Adventure,1917616,John Cassidy,Sundanese
Terminator I,20-Jan,6.01,Thriller,1982876,Bryce Nicolas,Sindhi
Chronicles of Narnia,19-Jul,3.66,Adventure,161073,George Cunningham,Hungarian
Rambo II,9-Jun,7.68,Crime,1656384,Eden Rees,Somali
Avatar,5-Oct,2.64,Thriller,198157,William Upton,Greek
Romeo and Juliet,20-Mar,7.9,Thriller,1120097,Maribel Morrow,Gan Chinese
The Dark Knight,8-Aug,7.01,Drama,1693365,Alma Villiger,Arabic
Brimstone,21-Dec,5.09,History,145728,Samara Dobson,Chittagonian
Harry Potter and The Sorcerer's Stone,10-Apr,4.37,Sci-Fi,1764503,Leroy Blackwall,Thai
Alien,13-Jan,8.19,Drama,1574160,Emma Donovan,Sundanese
Harry Potter and The Chamber Of Secrets,4-Oct,3.76,Crime,536505,George Wilcox,French
Casablanca,Jun-00,1.92,Animation,364115,Evie Terry,Romanian
Titanic,1-Feb,6.34,Sci-Fi,1128738,Javier Janes,Hungarian
The Ring,7-Mar,4.89,Thriller,1539147,Ethan Rosenbloom,Swedish
Shutter Island,14-Jun,1.04,Biography,358963,Winnie Robinson,Tamil
The Ring,13-Nov,8.48,Adventure,1650705,Harry Cassidy,Yoruba
Romeo and Juliet,7-Sep,9.01,Biography,911790,Adelaide Hood,Serbo-Croatian
The Notebook,13-Feb,1.46,Fantasy,492171,Brad Giles,Gan Chinese
Fantastic Beasts and Where To Find Them,4-Jul,6.5,Family,644020,Chanelle Neville,Portuguese
Ice Age 1,12-Sep,4.54,History,917184,Irene Graham,Yue
Love,15-May,1.08,Action,388490,Harriet Silva,Sindhi
Alien,9-Jul,6.24,Thriller,994717,Mabel Blackburn,Dutch
Rambo I,17-Jul,5.57,Adventure,1439096,Harvey Vallory,Vietnamese
Fantastic Beasts and Where To Find Them,15-Oct,5.66,Biography,164616,Percy Fall,Fula
Black Panther,12-Aug,2.94,Drama,1820861,Joyce Snell,Vietnamese
Blood Diamond,11-Apr,5.17,Family,1593887,Michael Young,Sindhi
Transformers,19-Feb,7.89,Biography,629846,Kate Sloan,Amharic
Interstellar,20-Nov,6.55,Family,1676040,Chester Aldridge,English
Limitless,5-Sep,7.31,Animation,976370,Barney Griffiths,Vietnamese
Love,22-Apr,7.25,Action,148881,Maia Cox,French
Love,11-Aug,4.56,Romance,385278,Martin Walsh,French
Terminator 2,Jul-00,3.99,Thriller,1499324,Renee Wade,Pashto
Ice Age 2,5-Apr,4.41,Musical,1679759,Eve Stone,Greek
Finding Dory,6-Dec,7.44,Comedy,1335261,Wade Martin,Sindhi
Terminator 2,21-Jun,8.47,Adventure,1054392,Anais Kelly,Bhojpuri
Rambo I,12-May,6.42,Sci-Fi,82337,Cynthia Skinner,Russian
The Dark Knight,22-May,7.46,Action,619794,Julianna John,Italian
Ice Age 2,2-Aug,3.03,Drama,1154278,Cedrick Stewart,Arabic
The Conjuring,14-Jul,2.08,Thriller,1095420,Peter Abbot,Bengali
Snatch,4-May,6.57,History,1476894,Joyce Nurton,Amharic
Pretty Woman,Aug-00,8.83,Adventure,331146,Harvey Hancock,Romanian
The Notebook,14-Mar,5.41,Animation,1500815,Alexander Wright,Polish
Blood Diamond,18-Aug,9.74,Action,187051,Bart Torres,Japanese
Brimstone,10-May,4.59,Horror,610670,Nicole Stevenson,Arabic
Interstellar,20-Aug,8,Biography,297036,Marie Richards,Amharic
Terminator I,11-Mar,8.55,Family,1122622,Louise Isaac,Fula
Wonder Woman,3-Sep,3.45,Drama,937561,Belinda Summers,Yue
Avatar,17-Oct,9.02,Horror,1560951,Gloria Emmott,Belarusian
Avatar,18-Nov,7.88,Thriller,1126668,Melanie Ranks,Polish
American Pie,19-Sep,1.47,Drama,792103,Abdul Miller,Swedish
The Dark Tower,8-Aug,6.37,Comedy,1763906,Liliana Squire,Hakka
Chronicles of Narnia,20-Nov,7.11,Biography,1772437,Chester Gilmour,Greek
Shutter Island,12-May,2.23,Sci-Fi,578307,Camila Dickson,Thai
Fantastic Beasts and Where To Find Them,8-May,5.66,Musical,503723,Michael Neal,Dutch
Harry Potter and The Sorcerer's Stone,13-Mar,5.88,Animation,852921,Belinda Warren,Hindi
The Godfather,6-Nov,9.8,Romance,1888056,Dakota Kennedy,Italian
Ice Age 1,20-Dec,1.56,Family,1516773,Owen Smith,Polish
Rambo III,4-Aug,7.35,Drama,882007,Denny Goodman,Swedish
Terminator I,15-Oct,4.81,History,1716344,Carolyn Verdon,Korean
Love,5-Nov,1.8,Romance,471781,Harry Anderson,Hungarian
American Pie,8-Apr,2.27,Horror,736068,Kimberly Chapman,Romanian
Love,21-May,1.88,Drama,1650274,Roger Wills,Wu
Alien,19-Dec,5.92,Animation,784070,Chad Furnell,Swedish
Octav,4-Jun,6.08,Musical,490672,Juliet Taylor,Urdu
Pretty Woman,16-Apr,7.04,Horror,1782910,Nathan Callan,Persian
Terminator 2,7-Jan,7.17,Horror,410629,Cynthia Fowler,Gan Chinese
SING,Dec-00,7.07,Thriller,1023331,Valerie Dickson,Uzbek
Avatar,14-Aug,1.58,Animation,1104884,Abdul Hunter,Polish
Interstellar,4-Jul,7.91,Action,1851436,Kieth Russell,Hindi
Shutter Island,19-Jun,9.31,History,605894,Joy Ranks,Romanian
Fantastic Beasts and Where To Find Them,16-Jun,2.31,Drama,472927,Candace Morrow,Turkish
Interstellar,5-Nov,4.14,Sci-Fi,1611242,Sara Chapman,French
Transformers,10-Jan,1.6,Romance,1849502,Shay Randall,Turkish
Allied,11-Jul,7.92,Fantasy,1002770,Tyler Stone,Portuguese
Allied,2-Jan,4.29,Animation,785016,Hayden Paterson,Belarusian
The Ring,1-Jul,1.85,Horror,977108,Martin Hall,Hindi
The Wolf Of Wallstreet,Nov-00,3.43,Musical,283080,Clint Dale,French
Rambo I,8-Aug,1.95,Musical,1079569,Ema Exton,Persian
Blood Diamond,20-Aug,6.14,Biography,1017691,Daria Brooks,Yoruba
The Dark Tower,13-Oct,3.6,Horror,1847759,Peter Booth,Persian
Thor : Ragnarok,19-Oct,7.3,Sci-Fi,1101481,Erica Lane,Bhojpuri
Rambo I,18-Jun,2.41,Romance,1207907,Noemi Murphy,Korean
Transformers,7-Sep,1.55,Comedy,1738920,Sasha Thornton,Wu
Shutter Island,19-Apr,5.4,Comedy,250737,Mike Leslie,Gan Chinese
Terminator I,11-Sep,5.9,Horror,1989551,Nancy Watt,Polish
Thor : Ragnarok,2-Jul,5.49,Crime,1938354,George Dowson,Chinese
Allied,1-Oct,1.48,Crime,868011,Ember Wood,Swedish
Love,5-Mar,7.1,Adventure,1421902,Jayden Tyrrell,Vietnamese
Harry Potter and The Sorcerer's Stone,18-May,7.43,Biography,1078544,Harvey Wright,Urdu
Alien,6-Mar,9.55,Musical,1328098,Harmony Holmes,Portuguese
Chocolat,14-Apr,8.75,Biography,1146807,Carmella Waterhouse,Chinese
The Wolf Of Wallstreet,6-Jan,1.83,Comedy,853662,Clarissa Duvall,Somali
The Martian,7-Mar,4.94,Biography,727596,Erick Terry,Bengali
Finding Dory,14-Feb,2.63,Adventure,106509,Jayden Sanchez,Amharic
Octav,21-Mar,2.89,Action,1837530,Jack Wilson,Polish
Harry Potter and The Sorcerer's Stone,17-Nov,3.05,History,1658973,Elijah Carter,Swedish
Allied,16-Jun,9.5,Drama,1031066,Kieth Yard,Fula
The Martian,9-Mar,2.98,Comedy,1321522,Susan Palmer,English
Terminator 2,6-Mar,7.26,Action,385081,Cara Fulton,Punjabi
Allied,5-Aug,6.15,Comedy,666124,Vivian Ward,Dutch
Alien,16-Jan,9.42,Family,1733534,Wade Newton,English
Avatar,3-Mar,1.31,Thriller,357376,Jenna Gilmour,Swedish
Blood Diamond,7-Nov,5.51,Drama,831989,Jazmin Gibbons,Azerbaijani
Snatch,13-Jan,2.47,Action,276365,Ronald Hamilton,Hakka
Star Wars,4-Sep,6.59,Musical,393186,Henry Radcliffe,Sindhi
Fantastic Beasts and Where To Find Them,22-Feb,5.9,Fantasy,1017986,Boris James,Sindhi
The Martian,5-Jan,3.25,Family,1120519,Mark Kent,Spanish
Wonder Woman,6-Dec,3.01,Sci-Fi,745395,Aiden Grant,Thai
Interstellar,14-Apr,6.06,Biography,1298126,Sabina Stone ,Hungarian
The Conjuring,18-Aug,1.76,Adventure,634084,Maribel Robinson,Uzbek
Alien,1-Jun,5.49,Horror,1614922,Chloe Cavanagh,Wu
Star Wars,4-Nov,1.72,Thriller,1511175,Hank Gilmour,Yoruba
Brimstone,7-May,8.26,Family,608787,Rosalee Jacobs,Russian
Octav,2-Nov,5.09,Musical,181796,Angelica Reese,Italian
Snatch,10-May,2.45,Horror,1009951,Chester Norburn,Ukrainian
Pretty Woman,19-Jun,3.56,Biography,440042,Maribel Morrison,Punjabi
Batman Begins,1-Jun,6.47,History,635391,Kurt Healy,Polish
Octav,13-May,3.14,Animation,907272,Wade Palmer,Malaysian
Avatar,3-Jun,5.55,Horror,1084415,Nathan Morrison,Greek
Octav,3-Apr,8.88,Crime,872754,Maggie Olson,Vietnamese
Blood Diamond,19-May,7.46,Sci-Fi,448090,Johnny Cox,Nepali
Alien,4-Jul,7.77,Action,829511,Aileen Bradshaw,Chinese
Interstellar,13-Jan,7.44,Family,1604448,Johnathan Summers,Urdu
Alien,2-Sep,2.71,Crime,1015101,Ron Ulyatt,Assamese
Chronicles of Narnia,2-Feb,9.45,Drama,371225,Leslie Booth,Mandarin
Alien,12-Nov,7.95,Animation,922581,Selena Aldridge,Portuguese
Zootropolis,May-00,4.9,Sci-Fi,1860860,Nate Ianson,Dutch
Batman Begins,20-Jul,7.45,Drama,1656198,Tony Bradshaw,Nepali
Titanic,3-Oct,4.52,Drama,1163613,Jack Snell,Mandarin
Octav,6-Sep,5.97,Drama,158370,William Ellis,Amharic
Allied,6-Dec,6.98,Thriller,400182,Sofia Edwards,Sundanese
Octav,22-May,2.93,Family,1699700,Rylee Williams,Malaysian
Brimstone,Nov-00,3.04,Adventure,821584,Jocelyn Jennson,Sindhi
The Godfather,4-Nov,4.81,Biography,1223439,Priscilla West,Nepali
The Conjuring,9-Feb,5.04,Fantasy,1192491,Iris Page ,Thai
Casablanca,11-Sep,9.97,Horror,316372,Fred Benson,Mandarin
Limitless,14-Aug,9.08,Action,1478906,Martin Ulyatt,Bengali
Blood Diamond,Oct-00,9.57,Fantasy,746319,Mark Ellison,Yoruba
Batman Begins,1-Jan,2.93,Action,1833499,Domenic Villiger,German
The Dark Knight,Apr-00,9.16,Drama,439749,Tom Isaac,Turkish
Pretty Woman,13-Sep,2.22,Musical,625202,William Tait,Gan Chinese
Rambo III,8-Apr,2.26,History,1326573,Benny Strong,Thai
Harry Potter and The Sorcerer's Stone,Jan-00,3.75,Family,275086,Carmen Dobson,Swedish
Iron Man ,22-May,1.97,Horror,580054,Hayden Booth,Pashto
Black Panther,9-Mar,7.14,Fantasy,1301265,Alexa Thornton,Azerbaijani
Terminator I,12-Oct,5.1,Animation,1849201,Quinn Thornton,Bhojpuri
Octav,2-Sep,4,Musical,287515,Nate Martin,Portuguese
Seven,12-Jun,7.13,Adventure,861307,Alma Snow,Swedish
Terminator I,7-Apr,7.72,Sci-Fi,1671500,Matt Ebbs,Korean
Rambo II,20-Feb,5.82,Thriller,614586,Adeline Sinclair,Bengali
Romeo and Juliet,11-Jul,3.49,Sci-Fi,1216445,Ron Rogan,Serbo-Croatian
Snatch,Nov-00,6.16,Thriller,1182997,Alan Santos,Serbo-Croatian
Rambo III,19-Oct,2.93,Animation,31832,Dorothy Daniells,Fula
Finding Dory,21-Dec,1.61,Adventure,1991366,Mike Jarrett,Azerbaijani
Ice Age 2,3-Jan,6.53,Action,1060163,Liliana Knight,Romanian
Star Wars,22-Mar,9.01,Family,814558,Celina Jennson,Assamese
The Wolf Of Wallstreet,6-Jun,1.49,Thriller,566462,Hayden Hilton,Serbo-Croatian
Alien,19-Oct,1.25,Biography,153065,Adina Carter,English
American Pie,19-Jul,5.99,Family,1416903,Lexi Gray,Japanese
Harry Potter and The Sorcerer's Stone,17-Jan,7.59,Horror,1226641,Charlize John,Italian
Titanic,19-May,7.24,Romance,1959236,Rick Collins,Portuguese
The Notebook,20-Sep,4.9,Musical,1180282,Aiden Mason,Fula
Transformers,20-Apr,3.79,Crime,753950,Charlize Pearson,Czech
Shrek,12-Aug,2.89,History,674040,Ron Donovan,Nepali
Rambo II,18-Apr,5.44,Family,1969090,Jennifer Webster,Sundanese
Romeo and Juliet,22-May,2.73,Adventure,1499964,Bryon Farrell,Thai
American Pie,11-Aug,8.42,Family,447293,Elle Owens,Japanese
American Pie,9-May,3.94,Family,913974,Cedrick Gardner,Somali
Terminator 2,6-Jul,5.48,Adventure,939908,Brooklyn Ellery,Tamil
Finding Dory,2-Nov,6.19,Adventure,157808,Mara Wright,Thai
Titanic,3-Jun,5.07,Biography,1499471,Sage Whinter,Vietnamese
Ice Age 1,7-Apr,3.09,Crime,168359,Harvey Russell,Uyghur
Pretty Woman,3-Jun,7.25,History,746258,Johnny Oatway,Vietnamese
Shrek,11-Feb,8.6,Comedy,1971523,Hayden Lee,English
Avengers Infinity War,Jan-00,5.62,Thriller,907541,Candice Dillon,Italian
Pretty Woman,14-Mar,8.71,Romance,1188799,Willow Henderson,Greek
Rambo III,8-Aug,6.54,Romance,659727,Elisabeth Avery,Bengali
Chocolat,5-Sep,3.76,Musical,1683322,Doug Judd,Polish
Inside Out,17-Jun,7.49,Comedy,1587466,Fiona Rycroft,Fula
Chronicles of Narnia,3-Dec,7.96,Adventure,974959,Sadie Cowan,Arabic
Casablanca,18-Aug,1.3,Sci-Fi,475326,Enoch Edwards,Korean
Blood Diamond,17-Dec,2.8,Fantasy,986332,Maribel Gordon,Wu
Limitless,17-Sep,1.46,History,1328543,Mason Simpson,Serbo-Croatian
Chocolat,2-Jul,5.23,Action,181798,Daphne West,Azerbaijani
The Dark Tower,13-Apr,2.75,Musical,822231,Rufus Garner,Amharic
Avatar,Mar-00,9.68,Romance,1671602,Julius Connor,Azerbaijani
Alien,20-Jul,3.02,Musical,1273618,Liam Lewis,Yoruba
Inside Out,3-Jul,7.28,Fantasy,191278,Barry Drake,Russian
Batman Begins,4-Oct,4.64,Adventure,1704928,Denis Graham,Azerbaijani
Wonder Woman,6-Nov,2.89,Drama,1044850,Caleb Jennson,Vietnamese
American Pie,13-Jul,9.47,Action,1357199,Gladys Uttridge,Russian
The Wolf Of Wallstreet,11-May,2.07,Drama,850033,Ramon Jenkin,Spanish
Star Wars,3-Jul,1.7,Musical,693693,William Tyler,Bhojpuri
Octav,9-Aug,9.75,Romance,499963,Tania Yoman,Uyghur
Pretty Woman,18-Feb,9.93,Animation,33748,Dani Wright,Tamil
Limitless,8-Jan,6.91,Romance,653983,Owen Bright,Czech
Chocolat,11-Oct,9.15,Comedy,26886,Noah Reading,Italian
Star Wars,15-Dec,1.01,History,800868,Domenic Farmer,Turkish
Thor : Ragnarok,1-May,9.78,Romance,1040300,Luke Mooney,Gan Chinese
Alien,9-May,6.86,Adventure,1270676,Maxwell Parker,Korean
The Dark Tower,18-Oct,8.03,Musical,422089,Roger Bright,Bengali
Mr. Bean's Holiday,21-Apr,8.54,Action,1458770,Harry Reese,Yue
Inside Out,18-Apr,4.25,Animation,1054400,Tom Murray,Hakka
Chronicles of Narnia,6-Jul,2.29,Drama,242912,Daniel Gunn,Romanian
Thor : Ragnarok,20-Nov,4.16,Romance,972187,Barry Roth,Russian
Casablanca,1-Jan,3.87,Adventure,41329,Sebastian Rose,Ukrainian
Snatch,11-Dec,2.93,Fantasy,1294237,Nicholas Groves,Hindi
Terminator I,8-May,7.03,Crime,454239,Sebastian Hancock,Thai
Snatch,7-Nov,1.04,Fantasy,1729406,Vivian Lunt,German
Chronicles of Narnia,2-Nov,4.18,Biography,1174532,Michelle Cartwright,Bhojpuri
Black Panther,13-Sep,6.18,Fantasy,1215964,Madelyn Mcguire,Vietnamese
Ice Age 1,17-Dec,2.14,Thriller,1789528,Noah Hooper,Vietnamese
The Ring,20-Jul,9.11,Comedy,1879476,Lana Kidd,Tamil
The Dark Knight,Jul-00,2.48,Crime,1657015,Nathan Cameron,Japanese
Fantastic Beasts and Where To Find Them,11-Aug,3.43,Thriller,914011,John Mcgregor,Turkish
Rambo II,17-Apr,9.23,History,1659210,Carissa Poole,Bhojpuri
Shrek,8-Jun,1.15,Crime,484352,Willow Drake,Swedish
Interstellar,3-Apr,9.57,Musical,260316,Samantha Shea,Uzbek
Batman Begins,12-Jul,9.59,History,1354422,Tyler Jenkin,Assamese
Alien,11-Oct,1.97,Animation,880189,Roger Allwood,French
Harry Potter and The Sorcerer's Stone,1-Dec,5.18,Comedy,901407,Harry Haines,Gan Chinese
Terminator 2,2-May,2.77,Adventure,1321924,Angelique Ralph,Spanish
The Wolf Of Wallstreet,4-May,6.97,Adventure,1015293,Rufus Pond,Yoruba
Love,20-Sep,9.53,Fantasy,1856910,Violet Bullock,Hungarian
Limitless,4-Feb,4.24,Crime,1141536,Kieth Flack,Chittagonian
Black Panther,7-Aug,6.67,Drama,706081,Holly Stewart,Yue
Finding Dory,16-Oct,2.57,Comedy,1923876,Bryce Sylvester,Swedish
The Dark Tower,20-Jul,2.6,Musical,1600291,Camden Kidd,Gan Chinese
Batman Begins,21-May,6.02,Horror,339598,Rufus Norburn,Greek
The Wolf Of Wallstreet,15-May,5.93,Romance,363475,Beatrice Bentley,Belarusian
Ice Age 1,4-Jul,7.67,Crime,1109918,Benjamin Hall,Italian
Rambo II,15-Feb,7.72,Biography,490431,Celia Poulton,Hungarian
The Dark Knight,8-Oct,9.21,Sci-Fi,1955822,Harvey Sherry,Polish
Fantastic Beasts and Where To Find Them,20-Oct,4.47,Crime,806639,Harmony Irving,Serbo-Croatian
Shrek,7-Feb,2.81,Horror,894312,John Jarrett,Thai
Alien,11-Apr,9.52,Sci-Fi,1996192,Erick Sylvester,Vietnamese
Transformers,3-Feb,5.54,Musical,525325,Cedrick Holmes,Hungarian
Snatch,21-Feb,6.27,Animation,303407,Chuck Lindsay,Bengali
Rambo III,8-Dec,9.5,Sci-Fi,763717,Ron Becker,Dutch
Avatar,12-Jun,3.51,Biography,781366,Logan Drew,Turkish
Pretty Woman,13-Aug,5.64,Drama,1587957,Cherish Jarrett,Hungarian
Thor : Ragnarok,2-Apr,7.81,Comedy,414268,Fred Baker,Assamese
Thor : Ragnarok,17-Jul,5.97,History,1873500,Mabel Lowe,Portuguese
Love,19-Sep,6.43,Family,1003536,Lucas Snow,Chittagonian
Transformers,19-Jul,3.5,Thriller,1429792,Kimberly Davies,Korean
Harry Potter and The Sorcerer's Stone,14-Aug,9.36,Thriller,1606173,Helen Nicolas,Sundanese
The Notebook,15-Mar,8.08,Comedy,1493300,Margot Walter,Thai
Allied,6-Apr,7.19,Adventure,374325,Enoch Nicholls,Bhojpuri
Alien,19-Dec,6.29,Action,1743485,Rocco Lee,Pashto
SING,8-Jul,4.75,Romance,1959860,Roger Nurton,Ukrainian
Alien,8-Feb,9.63,Romance,1088378,Maxwell Wooldridge,Yue
Terminator 2,18-Mar,1.73,Comedy,1925428,Harvey Ventura,Malaysian
Octav,20-Mar,5.3,Adventure,590061,Carter Phillips,Swedish
Romeo and Juliet,18-Feb,9.92,History,494340,Tom Holmes,Serbo-Croatian
The Martian,20-May,1.73,Drama,248647,Boris Eastwood,German
The Dark Tower,11-Aug,2.39,Comedy,819004,Jade Craig,Swedish
The Dark Knight,12-Jan,3.42,Romance,1128098,Molly Uttridge,French
Alien,21-Jul,2.05,Thriller,1015657,Lucas Willson,Pashto
Shrek,11-Sep,2.65,Horror,1432614,Maxwell Ring,Dutch
Star Wars,17-Dec,5.86,Comedy,1648555,Jack Vinton,Czech
The Godfather,14-Jun,6.18,Horror,1217354,Irene Price,Nepali
Avengers Infinity War,6-Oct,4.05,Biography,461196,Leroy Purvis,Bhojpuri
Blood Diamond,12-Sep,8.71,Crime,267428,Ronald Glass,Serbo-Croatian
Finding Dory,7-Apr,2.85,Drama,229242,Benny Pickard,Chittagonian
Chronicles of Narnia,17-Nov,3.16,Musical,1817112,Chloe Anderson,Japanese
Seven,6-Jun,4.68,Drama,439543,Jenna Brown,Serbo-Croatian
Avengers Infinity War,18-Mar,5.58,Sci-Fi,1983343,Carter Ryan,Bengali
SING,16-Nov,6.53,Crime,1767155,Benny Ashwell,Yue
Shrek,12-Sep,2.94,Adventure,1689962,Denny Wilson,Gan Chinese
Thor : Ragnarok,4-Sep,7.02,Drama,1208727,Brooklyn Connell,Azerbaijani
Harry Potter and The Chamber Of Secrets,8-May,2.79,Drama,1792507,Matt Sanchez,Urdu
The Notebook,7-Nov,10,Crime,1591058,Carmen Bristow,Ukrainian
Batman Begins,17-Aug,5.73,Adventure,769572,Eden Thorne,Bengali
The Godfather,11-Oct,9.89,Comedy,821153,Mason Mcguire,Bhojpuri
Friends With Kids,20-Apr,6.93,Adventure,1120656,Janelle Allen,Czech
The Wolf Of Wallstreet,14-Jun,8.66,Biography,1754017,Peter Clifford,Serbo-Croatian
Romeo and Juliet,16-May,5.39,Crime,1973303,Rocco Gilmour,Urdu
Rambo I,8-Feb,7.03,Musical,185777,Daria Walter,Pashto
Shutter Island,22-May,7.11,Horror,1857051,Elijah Murray,Amharic
Ice Age 1,10-Jul,7.61,Biography,1500008,Sloane Snow,Somali
Avatar,19-Aug,1.8,Family,692135,Domenic Gibbons,Amharic
Chocolat,5-Sep,7.19,Animation,316290,Benny Randall,Uzbek
The Martian,18-May,1.29,Sci-Fi,598576,Lexi Neal,Amharic
The Notebook,11-Oct,4.58,Sci-Fi,704402,Chadwick Trent,Sundanese
Friends With Kids,3-Sep,7.43,Adventure,64892,Wendy Myatt,Azerbaijani
Octav,Dec-00,9.87,Sci-Fi,713264,Caydence Morgan,Azerbaijani
Rambo I,13-Feb,9.89,Action,984466,Sage Terry,Punjabi
Chronicles of Narnia,20-Mar,1.37,History,1141698,Kaylee Gaynor,Spanish
Romeo and Juliet,15-Jun,4.41,Musical,1322109,Manuel Baker,Arabic
Romeo and Juliet,22-Jul,8.08,Crime,332660,Grace Thorne,Nepali
Ice Age 2,11-Sep,5.36,Crime,526093,Dorothy Harvey,Gan Chinese
Blood Diamond,13-Mar,7.94,Fantasy,768471,Melody Kelly,German
Shrek,4-May,9.16,History,1029431,Cedrick Walter,Assamese
Harry Potter and The Sorcerer's Stone,Sep-00,3.05,Biography,279507,Melinda Lunt,Punjabi
American Pie,1-Sep,9.35,Sci-Fi,1827353,Abbey Sloan,Chinese
Love,3-Jul,4.07,Family,445621,Daniel Abbey,French
Star Wars,3-Jun,3.54,Thriller,1836341,Roger Brooks,Punjabi
SING,17-Jan,6.69,Biography,847511,Cedrick Bennett,Persian
Snatch,20-Sep,6.56,Action,1908800,Hadley Price,Fula
Snatch,4-Mar,1.2,Fantasy,1277151,Nicholas Booth,Turkish
Allied,6-Jan,3.57,Horror,1613540,Miriam Duvall,Sindhi
Terminator I,9-Nov,3.14,History,219291,Emely Abbey,Korean
The Martian,16-Aug,8.18,Crime,1236949,Adela Attwood,Pashto
Fantastic Beasts and Where To Find Them,18-Nov,6.88,Romance,788070,Emerald Whitmore,Japanese
Friends With Kids,11-Sep,7.06,Sci-Fi,713406,Rosa Hardwick,Persian
Shutter Island,20-Apr,9.41,Animation,1118595,Daron Sloan,Arabic
The Wolf Of Wallstreet,13-Jan,1.09,Musical,702864,Phillip Allcott,Polish
Mr. Bean's Holiday,8-Jun,5.78,Action,910714,Ramon Stewart,Somali
Love,8-Jul,8.46,Musical,1643659,Ruby Dubois,Portuguese
The Martian,18-Sep,4.28,Animation,728499,Estrella Herbert,Yoruba
The Dark Knight,14-Jan,3.24,History,448292,Fred Clifton,Urdu
Batman Begins,6-Oct,7.64,Romance,1114366,Tom Judd,Greek
Casablanca,1-Jun,1.82,Horror,1043239,Alexander Sanchez,Urdu
Harry Potter and The Sorcerer's Stone,11-Dec,5.48,Thriller,1439151,Ramon Santos,Ukrainian
The Dark Tower,11-May,1.87,Musical,614821,Ethan Fields,Italian
Rambo III,12-Jul,3.36,Adventure,487500,Percy Griffiths,Yue
The Wolf Of Wallstreet,2-Jun,1.88,Family,1183169,Mara Yates,Polish
Inside Out,11-Feb,2.04,Thriller,1474648,Carter Lee,Hungarian
Shrek,6-Jan,5.95,Musical,241256,Beatrice Oatway,Nepali
Alien,18-Oct,8.35,Biography,1797459,Liam Asher,Sindhi
Snatch,17-Mar,7.69,Action,878376,Teagan Nicolas,Fula
Wonder Woman,18-Mar,2.16,Biography,1687006,Barry Price,Hungarian
Harry Potter and The Sorcerer's Stone,5-Aug,2.12,Animation,35412,Maxwell Bingham,Persian
Shutter Island,7-May,1.72,Biography,1103428,Jazmin Mackenzie,Ukrainian
Chronicles of Narnia,20-Mar,5.58,Comedy,473955,Jack Stewart,Swedish
The Wolf Of Wallstreet,6-Jul,6.35,Romance,1878510,Judith Yates,Punjabi
Interstellar,19-Dec,3.12,Family,661049,Wade Burge,Somali
Wonder Woman,7-Oct,2.17,Adventure,368907,Ivette Hastings,Gan Chinese
Inside Out,6-Mar,7.68,Action,48178,Adelaide Carpenter,Gan Chinese
Terminator 2,13-Jan,2.89,Fantasy,676816,Julia Glass,Uyghur
Limitless,18-May,4.6,Thriller,1691980,Felicity Vinton,Pashto
The Dark Tower,14-Nov,9.66,Romance,125703,Logan Hamilton,Greek
Ice Age 2,9-Sep,9.93,Crime,310801,Liam Roman,Swedish
Thor : Ragnarok,15-Nov,7.16,Horror,1455256,Wade Simpson,Assamese
Terminator 2,6-Nov,9.73,Crime,925645,Ethan Pond,Portuguese
The Notebook,11-Apr,5.53,Sci-Fi,392281,Anthony Dickson,Japanese
The Notebook,9-Jul,1.96,Horror,1618275,Danielle Bolton,Hungarian
Terminator I,21-Nov,2.49,Romance,687184,Mason Coll,Malaysian
The Dark Tower,12-Nov,6.75,History,1144417,Dani Gosling,Bengali
Transformers,18-May,7.65,Romance,1653548,Renee Torres,Vietnamese
Casablanca,6-Sep,6.71,Thriller,1308626,Molly Powell,Azerbaijani
Terminator I,19-Jul,5.02,Action,881533,Ivy Kent,Japanese
The Godfather,18-Feb,7.05,Horror,1262239,Chad Stewart,Sundanese
Brimstone,13-Apr,6.66,Animation,194766,Mike Addis,Chinese
Rambo III,19-Feb,2.23,Fantasy,1118136,Karen Ripley,Sindhi
The Dark Knight,18-Dec,6.55,Crime,1108658,Jack Devonport,Somali
Octav,2-Dec,4.86,Crime,1916605,Crystal Yarlett,Sindhi
Snatch,7-Jan,7.02,Adventure,708348,Rocco Victor,Russian
Iron Man ,4-Feb,5.22,History,619674,Savannah Neville,Tamil
American Pie,4-Sep,3.98,Action,169574,Sonya Butler,Assamese
Ice Age 1,7-Apr,9.94,Animation,324272,Ivy Talbot,Japanese
Snatch,19-Jan,8.87,Thriller,1401510,Skylar Kennedy,Punjabi
The Wolf Of Wallstreet,1-May,3.05,Animation,1853268,Cedrick Murphy,Japanese
Chronicles of Narnia,14-Jan,9.56,Musical,1658018,Elena Seymour,Vietnamese
Transformers,5-Sep,5.52,Crime,92930,Josh Yarwood,French
The Godfather,16-Jul,3.43,Sci-Fi,1885942,Sebastian Khan,Yue
SING,9-Sep,6.34,Horror,1016611,Erick Vallory,Nepali
Romeo and Juliet,6-Jan,4.93,Musical,1781258,Alexander Vernon,Chittagonian
Chronicles of Narnia,9-Oct,4.1,Family,1341311,Gloria Healy,French
Shutter Island,13-Dec,4.56,Action,1241592,Javier Holmes,Wu
Black Panther,19-Oct,6.83,Drama,1626995,Noah Henderson,Swedish
Alien,20-Sep,8.85,Thriller,386376,Mara Utterson,Amharic
Iron Man ,15-Aug,8.67,Comedy,547914,Alexa Holmes,Polish
Titanic,2-Oct,5.87,Romance,285307,Owen Bentley,Greek
Love,6-May,5.58,Drama,697582,Tony Dowson,Greek
Interstellar,Jul-00,4.26,Drama,1458079,Julian Williams,Japanese
The Conjuring,10-Apr,3.62,Biography,1925038,Nathan Riley,Gan Chinese
The Dark Knight,3-Dec,2.8,Crime,1939718,Denis Hooper,Assamese
Brimstone,7-Aug,2.18,Fantasy,1776228,Carl Sawyer,Mandarin
Octav,22-Jan,5.72,Adventure,198157,Roger Vincent,Serbo-Croatian
Chocolat,22-Feb,9.04,Crime,476554,Anabel Walsh,Yue
Mr. Bean's Holiday,2-Nov,8.62,Horror,577467,Clarissa Bowen,Pashto
Alien,8-Oct,4.24,Musical,1667204,Maxwell Clarkson,Bengali
Casablanca,3-Apr,4.72,Musical,1976209,Naomi Russel,Turkish
American Pie,6-Jul,7.15,Sci-Fi,1235231,Esmeralda Martin,Amharic
Ice Age 1,12-Dec,3.13,Action,1663114,Peter Foxley,Bhojpuri
The Dark Tower,16-Apr,6.24,Family,685393,Adalie Cassidy,Chinese
Romeo and Juliet,3-Apr,8.31,Drama,1457178,Marvin Irwin,Spanish
Rambo II,12-Feb,9.45,Adventure,723298,Hazel Grant,Bengali
Batman Begins,1-Sep,1.98,Horror,1166480,Priscilla Kaur,Pashto
Black Panther,7-Jul,6.05,Romance,993332,Danny Maxwell,Assamese
The Godfather,6-May,1.11,Animation,331509,Fiona Ulyatt,Malaysian
Transformers,6-Jul,1.8,Musical,1568809,Carissa Radley,Turkish
Inside Out,5-Aug,1.16,Comedy,1961710,Tess Vollans,Chittagonian
Zootropolis,7-Feb,6.24,Adventure,1729494,Joseph Franks,Punjabi
Terminator I,7-Jan,5.65,Musical,1420070,Jane Camden,Belarusian
Thor : Ragnarok,6-Jul,9.24,Biography,1475771,Chris Ripley,Yue
The Martian,9-Oct,4.14,Family,857867,Denis Driscoll,Italian
The Dark Tower,13-Aug,4.96,Family,1614386,Adalie Murray,Thai
Interstellar,16-Oct,8.47,Romance,1007967,Barry Nicolas,Uzbek
Limitless,19-Nov,8.06,Adventure,969256,Martin Clayton,Assamese
Pretty Woman,19-Feb,7.43,Biography,1695421,Domenic Thornton,Dutch
The Notebook,5-Mar,3.45,Crime,1723740,Rhea Olson,Pashto
Shutter Island,Sep-00,9.81,Musical,1621715,Benjamin Gilmore,Amharic
The Dark Knight,16-Oct,3.86,Sci-Fi,990449,Rosa Weston,Tamil
The Conjuring,14-Dec,2.72,Fantasy,1126135,Taylor Craig,Hindi
Inside Out,15-Aug,1.57,Animation,38924,Carina Brett,Wu
Alien,13-Jan,5.44,Musical,805506,Leah Norris,Ukrainian
Black Panther,14-Jan,8.9,Romance,1797435,Doris Bennett,French
Ice Age 1,22-Jul,9.04,Romance,1823091,Marvin Warren,Czech
Transformers,8-Nov,4.9,Thriller,1783812,Tom Cartwright,Chittagonian
Finding Dory,5-Mar,8.76,Fantasy,1697766,Chad Oldfield,Hindi
The Martian,13-Jun,8.91,Crime,190812,Rufus Yates,Serbo-Croatian
Chronicles of Narnia,1-Mar,7.31,Action,1370418,Harvey Forester,Dutch
Casablanca,2-Feb,2.16,History,803463,Adalind Hewitt,Bhojpuri
American Pie,7-Oct,6.49,Thriller,102623,Carina Whitehouse,Wu
The Conjuring,11-Dec,9.72,Thriller,1680023,Norah Underhill,Mandarin
The Conjuring,16-Oct,4.07,Action,1284320,Davina Jones,Sundanese
Rambo I,Jun-00,7.78,Action,1248488,Benjamin Potter,Assamese
Black Panther,20-Nov,4.94,Romance,186240,Raquel Allen,Greek
The Godfather,1-Feb,3.73,Drama,1603552,Carina Lucas,Vietnamese
Black Panther,9-Apr,5.33,Family,556898,Marvin Thatcher,Pashto
Casablanca,13-Nov,5.38,Sci-Fi,1369213,Julian Roscoe,Swedish
Mr. Bean's Holiday,8-Sep,9.35,Crime,422846,Kassandra Ralph,Wu
Casablanca,5-Dec,9.5,Romance,439751,Cecilia Gonzales,Portuguese
Zootropolis,11-Jan,3.25,Adventure,1908422,Adalie Sanchez,Persian
Ice Age 2,1-Sep,7.9,Animation,883938,Percy Thompson,Azerbaijani
Fantastic Beasts and Where To Find Them,4-May,1.58,Thriller,1253256,Jane Herbert,Polish
Ice Age 2,19-Dec,3.87,Fantasy,178627,Tyson Gordon,Arabic
Casablanca,19-Sep,3.58,Horror,1033758,Tyler Fall,Ukrainian
Chocolat,7-Oct,2.07,Family,1735158,Colleen Wren,Urdu
Avengers Infinity War,Mar-00,1.93,Family,68695,Hanna Windsor,Chinese
Love,3-Oct,4.44,Animation,1841514,Bob Harvey,Yue
Shrek,7-Jun,7.52,Action,1659121,Carrie Pickard,Hindi
American Pie,15-Aug,2.54,Thriller,651566,Noah Adams,English
Batman Begins,21-Mar,9.87,Action,920572,Oliver Ripley,Vietnamese
Seven,4-Oct,9.55,Action,783082,Matthew Bullock,Tamil
Blood Diamond,6-Jan,5.67,Drama,249570,Madelyn Hobbs,Gan Chinese
American Pie,21-Sep,9.48,Thriller,1792685,Johnny Whatson,Spanish
Zootropolis,21-Mar,9.94,Action,584615,Trisha Rivers,Wu
The Martian,4-Sep,5.72,Comedy,1785772,Christy Clarke,Japanese
Iron Man ,2-Jan,6.04,Crime,364577,Mya Wade,Vietnamese
Snatch,8-Jul,6.46,Horror,1979133,John Cowan,Portuguese
Chocolat,12-Jun,8.45,Action,1303591,Holly Griffiths,Korean
Avengers Infinity War,2-Mar,2.26,Family,1914194,Erin Grant,Wu
Titanic,7-Jul,5.05,Family,561699,Chris Keys,Chinese
The Ring,9-Sep,1.28,Drama,443037,Chadwick Faulkner,German
Avatar,11-May,8.31,Romance,1379210,Percy Casey,Urdu
The Martian,9-Oct,7.06,Crime,1949559,Belinda Woodley,Thai
The Martian,19-Feb,8.08,Adventure,102711,Michael Kidd,Vietnamese
The Conjuring,9-Jun,1.5,Comedy,114480,Manuel Cattell,Russian
The Ring,3-Apr,1.32,History,1610348,Rosalyn Irving,Polish
Allied,6-Apr,6.3,Biography,288596,Martin Rose,English
The Notebook,13-Jun,3.89,Family,1361376,Iris Gilmore,Tamil
Thor : Ragnarok,12-Apr,6.75,Romance,209361,Barry Gordon,Assamese
Blood Diamond,16-Nov,9,Romance,1342604,Samantha Power,Vietnamese
Inside Out,19-Mar,6.38,Adventure,1646064,Joseph Shields,Urdu
Seven,16-Jun,8.82,Adventure,1075622,Marvin Veale,Ukrainian
Mr. Bean's Holiday,12-Sep,8.89,Comedy,489261,Cedrick Parr,Hindi
Octav,16-Jul,9.67,Musical,1106845,Alessandra Harper,Arabic
Wonder Woman,1-Mar,2.64,Horror,202924,Harvey Turner,Italian
Limitless,11-Jan,1.44,Comedy,1955446,Dasha Gilmour,Turkish
SING,21-Oct,8.71,Comedy,1220136,Susan Mccall,Arabic
Rambo I,4-Apr,6.16,Adventure,825050,Shay Collins,Hakka
Rambo III,21-Jul,3.19,Action,676237,Caydence Anderson,Thai
Avatar,Jan-00,2.63,Animation,1959055,Leroy Andersson,German
Snatch,11-Apr,9.47,Musical,309693,Sydney Wood,Somali
Rambo III,4-Apr,6.67,History,306991,Marilyn Baker,Pashto
Interstellar,20-May,3.04,Thriller,1654205,Johnathan Hopkinson,French
The Notebook,13-Dec,8.63,Thriller,836971,Chad Dann,Mandarin
Ice Age 2,12-May,5.97,Biography,934670,Benny Rowlands,Arabic
Zootropolis,7-Feb,2.85,Animation,584107,Tyler Garcia,Hindi
SING,17-Oct,8.55,Fantasy,828755,Jamie Grant,Korean
Allied,21-Dec,6.91,Romance,959155,Mara Mooney,Dutch
Harry Potter and The Chamber Of Secrets,7-Nov,1.52,Sci-Fi,1399605,Ethan Leigh,Urdu
Iron Man ,19-Jan,1.43,Romance,467051,Liam Shelton,Arabic
Rambo I,20-Oct,1.57,Comedy,1938024,Elijah Reyes,Japanese
Allied,21-Apr,1.52,Fantasy,655248,Valentina Ellery,Sundanese
Batman Begins,1-Oct,1.22,Comedy,1857499,Oliver Knight,Urdu
Interstellar,18-Feb,2.13,Musical,272992,Chris Jenkins,Uyghur
Allied,19-Aug,6.77,Fantasy,842525,Aiden Heaton,Urdu
Harry Potter and The Chamber Of Secrets,13-Jan,3.89,Crime,1181748,Anne Cox,Nepali
Star Wars,9-May,6.63,History,261392,Denny Poole,Wu
Terminator 2,13-Jul,8.93,Horror,737782,George Keys,Assamese
Brimstone,1-Sep,7.8,Sci-Fi,1311697,Denny Keys,Persian
Rambo I,16-Oct,1.9,Action,234244,Jayden Judd,Dutch
Interstellar,1-Sep,3.39,Sci-Fi,1201634,George Addley,Portuguese
Transformers,7-May,4.16,Sci-Fi,1468037,Hank Stark,Turkish
Iron Man ,4-Aug,6.85,Thriller,438099,Samantha Vincent,Sindhi
American Pie,12-Jan,9.93,Adventure,677136,Ruth Attwood,Bhojpuri
Brimstone,7-Nov,9.92,Comedy,61987,Hank Douglas,Italian
Thor : Ragnarok,20-Sep,4.39,Thriller,676690,Benjamin Sawyer,Mandarin
Batman Begins,16-May,3.24,Thriller,1256175,Martha Upsdell,Malaysian
Allied,3-Aug,6.82,Sci-Fi,338075,Payton Robinson,Yue
Octav,5-Oct,1.57,Horror,648882,Hank Everett,Sindhi
Batman Begins,10-Oct,7.07,Thriller,946097,Vanessa Slater,Gan Chinese
Chocolat,8-May,7.14,Animation,845487,Ellen Parsons,French
Terminator I,19-Dec,7.95,Thriller,1886302,Penny Evans,Nepali
Chronicles of Narnia,16-Oct,5.36,Sci-Fi,1398256,Maxwell Ellis,Czech
Harry Potter and The Sorcerer's Stone,21-Feb,6.19,Animation,141324,Alexia Whatson,Hindi
American Pie,8-Mar,2.46,Crime,1832533,Molly Rixon,Belarusian
Star Wars,13-Aug,6.79,Comedy,546227,Matt Rowan,Chinese
Harry Potter and The Chamber Of Secrets,18-May,4.55,Thriller,938399,Kieth Cobb,Spanish
Rambo I,8-Jul,4.18,Action,1306879,Harry Flett,Thai
Shutter Island,1-Jan,6.69,Romance,773017,Ilona Rainford,Yoruba
Terminator 2,10-Sep,4.7,Comedy,1031088,Phoebe Carpenter,Italian
Harry Potter and The Sorcerer's Stone,12-Aug,6.68,Adventure,322560,Rufus Cooper,Swedish
Inside Out,12-Nov,3.42,Drama,627805,Carina Knott,Mandarin
Allied,8-Oct,6.07,Horror,219745,Tony Vincent,Romanian
Interstellar,10-Jun,2.79,Fantasy,1929835,Rachael West,Portuguese
Ice Age 2,6-Aug,9.98,Family,1385252,Stacy Forth,Korean
The Notebook,13-Sep,1.52,Biography,1468697,Carolyn Strong,Somali
Finding Dory,8-Nov,4.92,Fantasy,1508542,Remy Carpenter,Persian
Brimstone,5-Jul,7.5,Crime,1606410,Ethan Mullins,Turkish
Harry Potter and The Sorcerer's Stone,5-Aug,8.83,Crime,1390452,Christy Kelly,Swedish
Romeo and Juliet,12-Feb,6.36,Romance,176571,Monica Terry,Persian
Seven,19-Jan,8.32,Action,1896116,Ron Robinson,Greek
Alien,2-Apr,9.11,Romance,1996635,Doug Smith,Mandarin
The Conjuring,7-Jan,3.24,Action,1128569,Ramon Ebbs,Spanish
Avengers Infinity War,8-Jun,4.02,History,698014,Harmony Windsor,Portuguese
Black Panther,18-May,5.22,Musical,452348,Marie Taylor,Sundanese
Alien,8-Jan,7.02,Biography,1057850,Lauren Appleton,Spanish
Chronicles of Narnia,3-Oct,5.62,History,268909,Faith Tyrrell,Bengali
Brimstone,1-Mar,5.17,Romance,105617,Mason Robertson,Hungarian
Alien,16-Dec,10,Thriller,1303977,Tyler Vincent,Punjabi
Harry Potter and The Sorcerer's Stone,21-Feb,9.44,Adventure,1416111,Doug Healy,Gan Chinese
Shutter Island,2-Mar,5.63,Horror,534858,Hayden Quinnell,Dutch
Star Wars,6-Sep,6.23,Sci-Fi,1977255,Alan Walton,Vietnamese
Friends With Kids,3-Sep,5.32,Drama,1544985,Emmanuelle Tanner,Vietnamese
Avatar,8-Jan,3.67,Action,101915,Bridget Stewart,Urdu
The Ring,1-Aug,1.92,Thriller,1859362,Sadie Fox,Turkish
Interstellar,4-Mar,5.48,Sci-Fi,335914,Liam Martin,Japanese
Mr. Bean's Holiday,4-May,5.23,Musical,729644,Maia Forester,Sundanese
Fantastic Beasts and Where To Find Them,21-May,3.53,Fantasy,1597284,Chris Ward,Azerbaijani
Shutter Island,19-Dec,6.44,Drama,1098770,Julian Fleming,Pashto
Zootropolis,10-Jan,8.61,History,1426617,Bob Wellington,Bhojpuri
Black Panther,5-Aug,2.61,Biography,484967,Nate Attwood,Amharic
Shutter Island,2-Jun,2.07,Sci-Fi,1819762,Roger Rose,Bhojpuri
Rambo II,6-Jan,8.38,Family,859499,Hank Roberts,Japanese
Avengers Infinity War,18-Oct,1.8,Horror,1318550,Michelle Vallins,English
Interstellar,12-Nov,5.09,Romance,193957,Nate Hilton,Chinese
Inside Out,21-Aug,8.42,Family,1454822,Maia Cattell,Yue
Blood Diamond,19-Apr,4.01,Adventure,808203,Erick Walter,Mandarin
Casablanca,15-Dec,3.37,Crime,1228581,Denis Rowlands,Vietnamese
Rambo I,1-Jul,3.42,Romance,1583515,Alan Allen,Bhojpuri
Interstellar,16-May,2.59,Horror,1736005,Winnie Thornton,Urdu
Casablanca,9-Oct,6.57,Romance,541750,Iris Jarrett,Ukrainian
Avatar,17-Jun,4.71,Horror,1560847,Catherine Ralph,Hungarian
Star Wars,6-Jun,7.39,Action,449934,Wendy Holt,Italian
Star Wars,1-Oct,9.36,Drama,1370176,Harvey Brett,Bhojpuri
Casablanca,15-Jan,7.47,Biography,1318751,Jayden Roberts,Nepali
Finding Dory,5-Aug,5.51,Family,847538,Benjamin Sinclair,Sundanese
Titanic,5-Nov,6.61,Crime,1451776,Samantha Collingwood,Uyghur
Ice Age 1,5-Feb,9.23,Family,1575706,David Larkin,Malaysian
Snatch,3-Mar,3.69,Horror,1098177,Sharon Mills,Fula
Octav,8-Nov,2.26,Action,1884456,Jayden Morley,Yoruba
Ice Age 1,7-Jan,3.8,Sci-Fi,293073,Nick Blythe,Wu
The Dark Tower,6-Jun,6.86,Fantasy,136881,Melanie Collingwood,Bengali
Ice Age 1,4-Feb,6.45,Family,1422516,Eryn Palmer,Uzbek
The Godfather,13-Sep,4.36,Musical,1507033,Chuck Richardson,Azerbaijani
Transformers,6-Jun,9.08,Action,1271579,Danielle Nielson,Tamil
Avatar,15-Apr,9.89,Fantasy,1076758,Leroy Scott,Somali
Chocolat,21-Jan,2.68,Action,1844595,Javier Lindop,Yoruba
Chocolat,1-Nov,4.14,Biography,1807327,Julius Ranks,Russian
The Dark Knight,Jan-00,2.2,Action,1077437,Cherish Lambert,Portuguese
Octav,20-Mar,1.55,Adventure,1239063,Harriet Edmonds,Thai
Wonder Woman,4-Nov,4.81,Romance,1626088,Carol Pope,Italian
Titanic,21-Jun,6.66,Action,1049855,Alan Dyson,Urdu
Alien,11-Feb,8.11,Thriller,1937358,Ramon Windsor,Russian
Interstellar,21-Sep,7.82,History,1853773,Trisha Bristow,Japanese
Harry Potter and The Chamber Of Secrets,9-Dec,3.11,Crime,117580,Carmen Mcguire,Assamese
The Dark Tower,13-Oct,4.78,Adventure,303869,Johnathan Blackburn,Korean
Mr. Bean's Holiday,12-Jul,4.93,Biography,76659,Marla Wren,Chittagonian
Rambo III,21-Jun,2.94,Thriller,695431,Rihanna Upton,Chinese
Zootropolis,Jan-00,4.25,Fantasy,1460241,Jazmin Flett,Turkish
Terminator I,3-Oct,3.95,Fantasy,1261269,Rocco Ventura,Swedish
The Godfather,12-Jan,7.64,Family,147842,Brooklyn Whitehouse,Somali
Shrek,22-May,5.77,Family,1110653,Amy Bailey,French
Rambo III,17-Aug,6.99,Drama,730157,Anne Sylvester,Dutch
The Conjuring,Dec-00,7.04,Adventure,1343829,Doug Vincent,Bhojpuri
Rambo III,20-Nov,7.25,Crime,58186,Manuel Bryant,Somali
Love,8-Feb,4.47,Romance,1850276,Jenna Nurton,French
The Wolf Of Wallstreet,20-Oct,8.06,Thriller,1771217,Gina Hobson,Czech
The Martian,6-Jan,6.24,Comedy,1593246,Carol Clark,Arabic
Friends With Kids,3-Dec,8.57,Family,1585715,Bryon Wild,Uyghur
SING,6-Aug,4.43,Biography,801905,Valerie Drake,Urdu
Avengers Infinity War,15-Nov,4.66,Crime,514897,Cedrick Freeburn,Thai
American Pie,6-May,3.59,Romance,1615608,Tom John,Yue
The Dark Tower,21-Aug,2.43,Animation,729261,Kimberly Swift,Turkish
Avengers Infinity War,6-Oct,5.91,Sci-Fi,662762,Chester Walker,German
Octav,17-Aug,6.31,Musical,41013,Danny Gunn,Assamese
Chocolat,14-Aug,5.51,Musical,1628226,Adela Parr,Spanish
The Martian,20-Feb,8.93,Drama,588850,Owen Page ,Chinese
Ice Age 1,8-Mar,2.43,Comedy,247357,Brad Jenkins,Ukrainian
Pretty Woman,15-Sep,2.37,Family,1199619,Chelsea Tutton,Serbo-Croatian
The Martian,4-Mar,9.97,Biography,1909094,Leah Gardner,Arabic
Terminator 2,18-Oct,7.47,Crime,1516964,Sonya Whittle,Chittagonian
Terminator 2,7-Nov,3.51,Drama,352882,Lexi Morrow,Belarusian
Seven,14-Nov,8.65,Musical,109012,Kaylee Saunders,Chinese
The Ring,10-Feb,9.84,Musical,1700021,Benjamin Drew,French
Alien,19-Dec,7.84,History,976662,Erick Funnell,Turkish
Interstellar,13-Aug,7.27,Romance,287663,Tyler Rose,French
The Notebook,4-Jan,1.13,History,998695,Abdul May,Assamese
Chocolat,20-Jan,2.54,Biography,890249,Alan Palmer,Japanese
Terminator I,15-Mar,2.99,Biography,850740,Carla Roth,Sindhi
Shrek,12-Jun,5.95,Musical,734457,Nathan Bowen,Malaysian
Blood Diamond,9-Apr,9.62,Family,687745,Alessia Swan,Amharic
Romeo and Juliet,2-Oct,5.62,Horror,1054208,Aleksandra Strong,Malaysian
Allied,18-Sep,3.73,Sci-Fi,833622,Ruth Rothwell,Dutch
American Pie,10-Apr,1.67,Horror,1732305,Rosa Bullock,Arabic
Alien,18-Aug,1.47,Action,1949522,Hailey Coates,Belarusian
Casablanca,13-May,4.46,Comedy,821088,Javier Henderson,German
The Wolf Of Wallstreet,17-Aug,7.91,Crime,1990449,Noah Gibbons,Romanian
Finding Dory,Oct-00,3.28,Fantasy,68679,Henry Penn,Greek
Ice Age 2,21-Apr,2.97,Action,352428,Julius Latham,Azerbaijani
The Conjuring,2-Aug,6.05,Sci-Fi,237497,Faith Vince,Amharic
The Godfather,21-Jan,1.49,Drama,1672489,Maggie Weasley,Assamese
Shrek,5-Sep,1.17,Musical,1409819,Gwenyth Grey,Nepali
Rambo III,12-Mar,3.56,Romance,303596,Andie Russell,Bengali
The Martian,9-Mar,5.91,Sci-Fi,60760,Eve Neville,Russian
Wonder Woman,3-Aug,1.87,Biography,780298,Tom Coll,Russian
The Ring,12-Mar,1.77,History,274174,Abdul Whinter,Uyghur
The Notebook,2-Mar,1.73,Sci-Fi,140094,Alma Summers,Portuguese
Mr. Bean's Holiday,9-Jun,3.67,Drama,763361,Paige Gavin,Dutch
Thor : Ragnarok,6-Apr,8.39,Thriller,1383913,Enoch Gray,Swedish
Transformers,7-Jun,5.73,Fantasy,949010,Denny Connor,Sundanese
Mr. Bean's Holiday,7-Jan,6.18,Romance,648338,Chad Stone,French
Romeo and Juliet,8-Aug,3.9,Family,991565,Bryon Graham,Spanish
Chronicles of Narnia,17-Oct,9.57,Crime,606323,Miley Shields,Italian
SING,11-Jul,3.17,Romance,1707395,Nate Sanchez,Hungarian
The Dark Tower,14-Aug,6.72,Comedy,1474551,Nathan Sinclair,Nepali
Thor : Ragnarok,8-May,1.15,Animation,987618,Nathan Booth,Russian
Harry Potter and The Sorcerer's Stone,2-Jan,3.69,Family,1147798,Jade Vaughn,Romanian
Harry Potter and The Chamber Of Secrets,22-May,5.42,History,948178,Erick Ianson,Korean
The Dark Knight,10-May,9,Comedy,322403,Benjamin Gibson,Polish
Alien,7-Mar,8.15,Romance,585010,Chester Hamilton,Fula
Blood Diamond,14-Jun,8.52,History,1805142,Alan King,Bhojpuri
Finding Dory,5-May,2.32,Romance,467803,Barney Cox,Spanish
Zootropolis,6-Dec,1.51,Fantasy,271765,Florence Fulton,Yoruba
Friends With Kids,5-Mar,2.56,Thriller,1321705,Daniel Fisher,Ukrainian
Ice Age 2,2-May,1.73,Horror,1076438,Jocelyn Pearce,Vietnamese
The Godfather,2-Dec,2.5,Adventure,1276446,Bernadette Kelly,Hindi
Love,16-Jan,3.41,Comedy,320081,Taylor Waterson,Bhojpuri
The Notebook,9-Sep,9.53,Romance,214193,Hazel Drummond,Tamil
Avengers Infinity War,2-Nov,5.64,Action,349226,Payton Watt,Czech
The Dark Knight,10-Apr,7.44,Crime,1632281,Henry Cowan,Bhojpuri
Batman Begins,6-Nov,5.12,History,1634007,Jayden Collingwood,Azerbaijani
Avatar,May-00,1.14,Romance,1388476,Henry Garcia,Uzbek
The Notebook,2-Dec,2.61,Fantasy,1676037,Noemi Barclay,Arabic
Love,16-Jun,7.04,History,630532,Chelsea Rigg,Hungarian
Mr. Bean's Holiday,11-Jun,2.61,Action,251059,Thea Antcliff,German
The Conjuring,6-Mar,6.82,Drama,392271,Luke Reese,Mandarin
Pretty Woman,3-Feb,3,History,1234759,David Webster,Serbo-Croatian
Mr. Bean's Holiday,17-Jun,1.29,Fantasy,243228,Joseph Waterson,Swedish
Shutter Island,18-Jan,2.74,Biography,204349,Peter Tennant,Sindhi
Wonder Woman,4-Aug,4.71,Action,123249,Rosalie Walsh,Pashto
Terminator I,20-Jun,4.35,Fantasy,1931600,Maxwell Drew,Chittagonian
Star Wars,3-Sep,9.69,Comedy,1661437,Roger Dwyer,Yoruba
Mr. Bean's Holiday,22-Apr,5.93,Sci-Fi,969887,Rocco Ashley,Uzbek
Thor : Ragnarok,16-Apr,4.71,Romance,865847,Adeline Rigg,Greek
Ice Age 1,16-Sep,8.78,Thriller,1788008,Chadwick Casey,Yue
Allied,7-Apr,4.29,Family,280774,Maggie Ralph,Sundanese
Blood Diamond,9-Dec,4.55,Adventure,1702686,Celina Ventura,Bhojpuri
Friends With Kids,8-Nov,5.45,Action,932941,Nathan Cooper,Uyghur
Inside Out,7-Feb,1.28,Thriller,295679,Ada Wheeler,Portuguese
Avengers Infinity War,6-Feb,4.81,Biography,1732640,Cedrick Oatway,Romanian
Terminator I,2-Jun,8.15,Family,1950084,Alan Weasley,Urdu
The Ring,8-Apr,9.13,Sci-Fi,150012,Natalie Reynolds,Somali
Finding Dory,3-Oct,6.24,Romance,759271,Javier Reynolds,Serbo-Croatian
Snatch,13-Dec,9.73,Drama,357800,Isabel Lloyd,Korean
Allied,2-Jul,4.88,Musical,1250634,Elle Stone ,Malaysian
Chronicles of Narnia,3-Jan,1.5,Thriller,871342,Emely Alexander,Hungarian
Finding Dory,14-Jan,8.06,Action,1375418,Sage Nielson,Portuguese
The Wolf Of Wallstreet,May-00,4.01,Family,204040,Willow Zaoui,Somali
The Godfather,21-Dec,4.99,Thriller,272155,Leroy Wright,Tamil
Mr. Bean's Holiday,8-Aug,3.04,Fantasy,220826,Camellia Talbot,Hakka
The Dark Tower,13-May,1.7,Comedy,1484781,Barney Oswald,Uzbek
The Conjuring,17-Aug,2.33,History,1603462,Goldie Dann,Persian
Shutter Island,7-Mar,7.99,Thriller,60580,Domenic Lane,Nepali
Shutter Island,19-Sep,8,Comedy,1393793,Harmony Allen,Amharic
Rambo I,4-Sep,9.19,Sci-Fi,1757853,Mina Larsen,Portuguese
Harry Potter and The Chamber Of Secrets,3-Dec,6.77,Comedy,1983014,Alice Myatt,Punjabi
The Dark Knight,21-Feb,7.64,Thriller,1208887,Enoch Pope,Fula
The Martian,18-Apr,6.03,Drama,1746284,Rocco Oliver,Yoruba
Allied,12-May,8.61,Animation,1175618,Zara Stone ,Urdu
The Dark Tower,2-Dec,5.13,Fantasy,1196202,Cassandra Thorne,Turkish
American Pie,21-Nov,4.36,Romance,1670601,Maddison Bailey,Korean
The Dark Tower,18-Apr,4.95,Romance,329821,Cedrick Ulyatt,Turkish
Shutter Island,Apr-00,5.47,Thriller,1647676,Martin Alcroft,Wu
The Martian,May-00,3.75,History,229475,Johnny Dwyer,German
Alien,16-Apr,8.79,Drama,356908,Nate Edler,English
Rambo I,22-Jun,8.26,Sci-Fi,952048,Eduardo Verdon,Tamil
Batman Begins,20-Aug,8.14,Romance,350000,Madison Moore,Persian
The Ring,7-Oct,8.1,Comedy,265823,Joseph Murphy,Hakka
Seven,21-May,7.31,Family,335126,Isabella Chapman,Sindhi
Avengers Infinity War,7-Sep,2.64,Animation,1365195,Bethany Shea,Turkish
The Ring,10-Aug,9.58,Action,1137439,Valerie Lowe,Somali
Alien,14-Feb,8.73,Adventure,901145,Beatrice Bennett,Uzbek
Allied,19-Nov,1.15,Comedy,1111319,Denis Reyes,Bhojpuri
Transformers,11-Feb,2.61,Biography,1833522,Kate Edler,Bhojpuri
Rambo I,21-Feb,2.33,Animation,1914416,Johnathan Windsor,Punjabi
Rambo I,4-May,5.36,Thriller,197432,Sebastian Holmes,Tamil
American Pie,12-Sep,3.92,Action,1845185,Jocelyn Lewis,Hindi
Fantastic Beasts and Where To Find Them,7-Jun,2.88,Fantasy,65123,Makena Rose,Uzbek
Thor : Ragnarok,6-Aug,3.15,Crime,170216,Shelby Allcott,Persian
Blood Diamond,1-Aug,2.92,Animation,1409804,Sabrina Haines,Gan Chinese
Thor : Ragnarok,15-Oct,3.85,Animation,1032365,Benjamin Vincent,Azerbaijani
The Martian,15-Jan,6.85,Fantasy,870643,Sienna York,Yue
Fantastic Beasts and Where To Find Them,5-Oct,9.73,Family,1096316,Alice Yang,Russian
Rambo I,1-Oct,7.32,Sci-Fi,331407,Leroy Hunter,Nepali
Terminator 2,10-Jun,3.21,Drama,1164703,Harry Hamilton,Pashto
The Wolf Of Wallstreet,3-Aug,6.64,Fantasy,939705,Enoch Moran,Chittagonian
Transformers,11-Feb,9.07,Thriller,1738279,Brad Rehman,Mandarin
Finding Dory,18-Dec,2.75,Crime,1505886,Javier Gilbert,Chinese
Pretty Woman,8-Jul,7.11,Comedy,1015924,Samantha Eddison,Punjabi
Rambo II,8-Jan,5.24,Animation,743159,Eve Stevens,Serbo-Croatian
Ice Age 1,11-Feb,8.86,Fantasy,1884276,Johnathan Dunbar,German
American Pie,1-Oct,2.57,Horror,157031,Christine Freeburn,Swedish
Blood Diamond,11-Mar,5.73,Sci-Fi,226181,Rick Edler,Hakka
Star Wars,2-Oct,3.83,Biography,885838,Rylee James,Bhojpuri
Chronicles of Narnia,7-Nov,7.28,Adventure,193444,Tara Cooper,Spanish
Fantastic Beasts and Where To Find Them,10-Dec,8.19,Drama,528310,Isabel Marshall,Persian
Shutter Island,19-Jun,7.01,Horror,1353899,Lara Cooper,Tamil
Interstellar,5-May,1.86,Action,1102819,Sarah Silva,English
Chronicles of Narnia,10-Mar,2.61,History,1113223,Faith Campbell,Hindi
Harry Potter and The Chamber Of Secrets,5-Dec,2.39,Fantasy,602861,Anthony York,Fula
Finding Dory,1-Jul,7.78,Animation,1886589,Renee Jarrett,Thai
Love,21-May,2.02,Thriller,480432,Willow Yoman,Korean
Casablanca,2-Feb,5.17,Family,1791128,Adeline Logan,Azerbaijani
The Notebook,1-Jan,3.99,Animation,560466,Leanne Baxter,Somali
Shutter Island,8-Sep,8.2,Family,1545732,Julius Mann,Fula
Inside Out,21-Jan,9.05,Horror,1697345,Chuck Gray,Urdu
The Godfather,10-Sep,9.18,History,696952,Mike Squire,Azerbaijani
Zootropolis,15-Jul,5.46,Animation,1727929,Deborah Rycroft,Bengali
Harry Potter and The Chamber Of Secrets,6-Dec,6.63,Action,1544068,Julian Welsch,Belarusian
Allied,5-Feb,9.09,Biography,1258141,Summer Hudson,Spanish
The Wolf Of Wallstreet,20-Jul,3.45,Animation,266385,Michaela Farrow,Punjabi
Rambo III,6-Jan,1.54,Biography,1014333,Peyton Brooks,Yue
The Dark Tower,4-Apr,9.09,Thriller,1315536,Julian Morley,Sundanese
The Notebook,13-Apr,6.08,Thriller,487390,Rocco Broomfield,Russian
Wonder Woman,16-Apr,3.41,Comedy,1718320,Harmony Douglas,Persian
Rambo I,20-Feb,2.01,Animation,1326097,Anthony Mann,Turkish
Zootropolis,16-May,8.15,Action,1515735,Melody Addison,Chittagonian
Pretty Woman,3-Jun,5.91,Sci-Fi,961062,Hank Martin,Uzbek
Blood Diamond,Nov-00,4.74,Musical,1980808,Julius Wilton,Swedish
Pretty Woman,17-Jul,1.83,Comedy,267181,Kimberly Lane,Yoruba
Chocolat,17-Feb,9.01,Crime,340685,Rita Tindall,Mandarin
Black Panther,11-May,4.82,Sci-Fi,1006349,Rachael Rowlands,Assamese
Black Panther,7-Sep,8.42,Romance,1982773,Priscilla Rycroft,Wu
Harry Potter and The Sorcerer's Stone,15-May,5.19,Horror,1830910,Johnny Newton,Thai
Interstellar,7-Aug,4.75,Horror,1583074,Marla Bolton,Greek
The Martian,17-Apr,8.89,Biography,1829229,Sofie Townend,Ukrainian
Snatch,20-Sep,5.48,Thriller,730618,Roger Howard,Assamese
Brimstone,8-Oct,5.28,Thriller,1188589,Chelsea Patel,Polish
Inside Out,4-Jul,5.25,Romance,1716056,Clarissa Reynolds,Tamil
Thor : Ragnarok,2-Apr,5.05,Romance,1753283,Rufus Nicolas,Romanian
Rambo I,7-Oct,3.46,Family,277693,Jayden Maxwell,Portuguese
The Dark Tower,19-May,1.11,History,1459059,Hank Stanton,Punjabi
Casablanca,16-Feb,9.35,Crime,876582,Piper Richards,Persian
The Wolf Of Wallstreet,2-May,4.83,Musical,125504,Hank Horton,Chinese
The Martian,2-Sep,2.94,Thriller,479342,Matthew Price,Hungarian
Transformers,9-Aug,7.21,Family,400001,Ronald Tait,Sindhi
Titanic,3-Aug,7.78,Thriller,55034,Alan Middleton,Belarusian
Alien,22-Jun,8.04,Family,1380000,Domenic Walsh,Sindhi
Shutter Island,11-Dec,8.32,Thriller,1946955,Stephanie Thomson,Spanish
The Wolf Of Wallstreet,18-Nov,5.95,Family,967761,Barry Burnley,Dutch
Terminator 2,Nov-00,9.89,Biography,956694,Mackenzie Verdon,Romanian
Friends With Kids,16-Apr,7.41,Crime,1863575,Maxwell Sanchez,Uyghur
Friends With Kids,2-Sep,1.27,Sci-Fi,1416639,John Sylvester,English
The Wolf Of Wallstreet,8-Aug,7.48,Crime,1907979,Analise Page ,Uzbek
Allied,2-Jun,7.51,Action,813916,Amy Newton,Polish
Casablanca,21-Dec,3.82,Family,1614130,Lynn Watson,English
Shrek,11-Jan,7.56,Biography,172383,Cara Wooldridge,Hakka
The Martian,22-Feb,7.69,Animation,1509303,Emely Woodley,Wu
Brimstone,7-Aug,3.68,Family,130140,Gabriel Mcleod,Hindi
Interstellar,4-Jun,7.28,Adventure,595637,Felicity Dixon,Bengali
Friends With Kids,18-Mar,7.44,Crime,1567281,Jocelyn Summers,Persian
Ice Age 1,19-May,1.68,Drama,378749,Jamie Farmer,Yue
Terminator I,19-Apr,1.86,Drama,1575950,Liam Hale,Uzbek
Blood Diamond,8-Nov,1.02,Thriller,266301,Faith Wise,Urdu
Rambo III,13-Sep,9.08,Biography,119893,Ryan Russel,Thai
Interstellar,1-Jul,9.76,Horror,657682,Stacy Horton,Korean
The Martian,17-Dec,9.33,Animation,673185,Leroy Jobson,Pashto
The Notebook,1-Sep,4.63,Family,1186619,Greta Yoman,Bengali
Octav,13-Oct,7.88,Musical,1906021,Stacy Stone ,Dutch
The Notebook,16-Dec,4.39,Sci-Fi,1179768,Julius Butler,Turkish
Friends With Kids,19-Feb,6.25,Fantasy,268926,Samantha Adler,Persian
Seven,12-Jul,4.15,Drama,166641,Isabella Truscott,Pashto
The Wolf Of Wallstreet,20-Jun,7.73,Musical,385548,Gabriel Styles,Tamil
Transformers,5-Oct,4.22,Horror,353176,Alexander Harrison,Mandarin
SING,11-Jul,1.94,Drama,1400331,Penny Vallins,Czech
Ice Age 2,4-Sep,2.82,History,1308190,Emmanuelle Kent,Czech
Rambo III,4-Sep,3.09,Adventure,1961990,Barry Yarlett,Chinese
Harry Potter and The Sorcerer's Stone,14-Apr,2.37,Family,1119227,Colleen Wise,Thai
Friends With Kids,8-Feb,3.62,Crime,761572,Jules Connell,French
Blood Diamond,17-May,1.35,Comedy,1399562,Celina Reid,Hungarian
Chocolat,10-Aug,5.65,Thriller,1568059,Julian Reading,Hindi
Transformers,2-May,3.09,Animation,927769,Oliver Ebbs,Bhojpuri
Transformers,16-Oct,9.53,Animation,1834841,Marvin Addison,German
Pretty Woman,6-Nov,3.07,History,625447,Elisabeth Amstead,Greek
Chocolat,11-Aug,2.51,Romance,1417862,Karen Dallas,French
Mr. Bean's Holiday,6-Nov,4.89,History,451417,Samara Rodwell,Sundanese
The Ring,13-Feb,3.23,Horror,1124687,Payton Whittle,Nepali
Chocolat,15-Nov,6.95,Comedy,1504175,Lily Tate,Korean
Rambo I,15-Dec,3.36,Biography,1933752,Eduardo Lloyd,Spanish
Batman Begins,16-May,7.83,Drama,88992,Hank Mitchell,Azerbaijani
Friends With Kids,13-May,2.96,Family,338609,Caleb Tait,Fula
The Godfather,14-Jun,8.05,Fantasy,1951335,Wade Allwood,Portuguese
Transformers,14-Aug,9.26,History,1401888,Mavis Parr,Sundanese
Zootropolis,6-Dec,7.58,Adventure,1251727,Alexia Oliver,Ukrainian
The Ring,19-Jan,3.66,History,961375,Nicholas Fenton,Sindhi
Casablanca,3-Feb,7.87,Animation,974514,Dakota Whinter,Dutch
Rambo II,4-Feb,9.47,Crime,1529224,Luke Bishop,Yoruba
Brimstone,19-Oct,6.4,Family,1455658,Chad Glass,Chittagonian
Brimstone,17-Feb,6.04,History,335150,Ruby Ballard,Urdu
Blood Diamond,13-Apr,9.22,Sci-Fi,1444083,Wendy Clayton,Ukrainian
The Ring,2-Jul,4.86,Romance,1784301,Winnie Mcgregor,Sindhi
The Notebook,2-Jul,9.5,Romance,1787683,Harvey Quinn,English
Terminator 2,Nov-00,8.07,History,847572,Carter Payne,Japanese
Harry Potter and The Sorcerer's Stone,11-Jun,5.18,Sci-Fi,1239256,David Chappell,Vietnamese
Brimstone,2-Oct,5.88,Adventure,624878,Logan Redfern,Hungarian
Snatch,22-Jun,6.04,Animation,867972,Ramon Kaur,Sindhi
SING,6-Nov,5.4,Romance,1714986,Greta Collingwood,Wu
Brimstone,20-Sep,4.21,Horror,1999417,Hank Mcleod,Turkish
Harry Potter and The Chamber Of Secrets,18-Nov,2.22,History,1421198,Ruth Harrison,Hindi
Chronicles of Narnia,4-Oct,3.81,Action,1150027,Sage Walker,Spanish
Pretty Woman,19-Jul,9.8,Adventure,1281459,Eden Parr,Bengali
Mr. Bean's Holiday,20-Jun,1.34,Musical,1148433,Rosalee Redwood,Somali
Shutter Island,19-Jun,9.3,Musical,328446,Karla Jenkin,Serbo-Croatian
SING,Jun-00,5.37,Family,1360215,Noah Thorpe,Bengali
The Wolf Of Wallstreet,20-Nov,8.46,Fantasy,1401191,Tom Wright,Arabic
Wonder Woman,22-Mar,9.38,Horror,467043,Jaylene Adams,Urdu
Shrek,21-Nov,1.97,Horror,198932,Jacob Stewart,Italian
Interstellar,9-Dec,2.82,Thriller,556573,Nathan Hudson,Spanish
Inside Out,20-Apr,5.09,Comedy,440832,Shannon Gregory,Uzbek
Shrek,9-May,6.7,Crime,833366,Tom Hobbs,Wu
SING,12-Jun,6.24,Animation,1279003,Henry Upton,Fula
Chronicles of Narnia,13-Nov,4.93,Crime,1055321,Alma Tanner,Assamese
Batman Begins,12-Dec,5.56,History,1469326,Bob Bishop,Czech
Avengers Infinity War,21-Feb,9.75,Musical,1595539,Aurelia Terry,Wu
American Pie,4-May,7.26,Thriller,70579,Carmella Jackson,Bhojpuri
The Conjuring,19-Mar,1.44,Adventure,1891658,Thea Vernon,Dutch
Allied,8-Feb,2.86,Fantasy,817994,Sabina Booth,Korean
Seven,13-Apr,1.36,Family,691896,Noah Kaur,Swedish
Terminator 2,15-May,4.76,Crime,1535830,Mabel Hobson,Mandarin
Black Panther,17-Sep,2.63,Drama,1509976,Juliet Camden,Hakka
Terminator I,3-Apr,5.13,Comedy,152999,Macy Dann,Bengali
Thor : Ragnarok,15-Dec,3.21,Crime,1815072,Rosie Pierce,Uzbek
Wonder Woman,1-Jun,1.57,Comedy,1558788,Teagan Dunbar,Uzbek
Zootropolis,1-May,2.87,Biography,808470,Jade Drew,Spanish
Shrek,7-May,7.43,Adventure,550812,Gil Norman,Italian
The Martian,16-Mar,1.32,Family,1861953,Kenzie Fulton,Hindi
Star Wars,6-Oct,8.09,Drama,798972,Maia Gibbons,Belarusian
Snatch,16-Jun,5.37,Family,382767,Chester Funnell,Arabic
Inside Out,21-Apr,2.93,Action,1644231,Tony Wilkinson,Fula
The Dark Knight,14-Mar,8.98,Adventure,1038681,Naomi Vollans,Vietnamese
Star Wars,10-Mar,4.46,Biography,999070,Elena Forester,Turkish
Shrek,2-Apr,4.65,Adventure,363987,Matthew Fox,Hungarian
Chronicles of Narnia,9-Mar,1.86,Adventure,589825,Elise Radcliffe,Sindhi
Friends With Kids,21-Aug,9.89,Sci-Fi,339732,Josh Baker,Hindi
Avatar,4-Oct,2.13,Comedy,1191349,Deborah Andersson,Ukrainian
Transformers,18-Jun,6.62,Animation,1820294,Cadence Murphy,Somali
Shrek,16-Mar,2.05,History,1179126,Anabelle Preston,Hakka
Blood Diamond,21-Feb,1.2,Drama,368990,Rhea Becker,Yue
Pretty Woman,4-Aug,6.4,Sci-Fi,1028053,Lillian Bennett,Serbo-Croatian
Chocolat,12-Nov,2.82,Horror,1759975,Julius Flack,Uyghur
The Notebook,3-Jul,9.88,Biography,306767,Denis Cassidy,Russian
Seven,3-Feb,3.02,History,1429182,Mary Wilson,Belarusian
Wonder Woman,22-Jan,3.55,Thriller,626521,Alan Grey,Belarusian
Alien,Aug-00,5.1,Adventure,1741360,Georgia Speed,Swedish
Thor : Ragnarok,21-Aug,3.45,Thriller,1335194,Piper Clayton,Nepali
Romeo and Juliet,11-Apr,4.16,Thriller,53267,Kieth Owens,English
Harry Potter and The Chamber Of Secrets,20-Sep,8.46,History,1026563,Harry Isaac,Turkish
Ice Age 1,13-Feb,4.22,Sci-Fi,1534122,Oliver Groves,Serbo-Croatian
The Ring,11-Sep,3.16,Animation,973675,Bob Reyes,Bengali
Rambo II,12-Mar,1.29,Romance,1561924,Madelyn Sherwood,Arabic
Thor : Ragnarok,5-Nov,2.45,Comedy,1268250,Nicole Brock,Polish
Rambo II,11-May,2.34,Comedy,557752,Julius Parsons,Greek
Shrek,14-Mar,7.38,Crime,986625,Emmanuelle Herbert,Pashto
Rambo III,19-Feb,1.44,Biography,1900423,Samara Drummond,Bhojpuri
The Conjuring,Dec-00,1.46,Animation,1046057,Rocco Camden,Romanian
Seven,8-Apr,9.7,Musical,866780,Shannon Addley,Yue
Avengers Infinity War,3-Apr,5.75,Sci-Fi,272136,Bryon Reese,Punjabi
The Godfather,21-Dec,2.22,Animation,1501097,Gil Warden,Somali
Titanic,21-Jun,9.69,Comedy,1240971,Mara Larsen,Yue
Avengers Infinity War,10-Sep,8.61,Biography,1765328,Samantha Tennant,Romanian
Shutter Island,13-May,7.34,Drama,661360,Erick Vane,Punjabi
Fantastic Beasts and Where To Find Them,6-Aug,4.38,Adventure,1515525,Angelina Baker,Hungarian
Star Wars,16-Nov,5.91,Crime,1516407,Maddison Leslie,Persian
Snatch,10-Sep,8.14,Family,94293,Ciara Thompson,Pashto
Harry Potter and The Chamber Of Secrets,19-Jan,5.07,Adventure,1484458,Harry Gonzales,Russian
Seven,1-Aug,8.53,Sci-Fi,1783188,Marina Wallace,Bhojpuri
Black Panther,10-Sep,4.85,Romance,1281543,Alba Adler,Gan Chinese
Mr. Bean's Holiday,19-Apr,5.06,Crime,1250457,Gil Williams,Belarusian
Shrek,20-Mar,7.81,Thriller,663208,Andrea Crawley,Hindi
Zootropolis,4-Jun,1.71,Fantasy,530184,Carol Snow,Assamese
Shutter Island,13-Feb,3.87,Biography,1563937,Anthony Summers,Italian
Brimstone,11-Feb,9.94,Drama,387839,Violet Harrison,Nepali
Harry Potter and The Sorcerer's Stone,7-Mar,4.82,Horror,943616,Wade Wise,Yue
The Martian,21-Sep,8.91,Musical,150953,Jocelyn Connell,Belarusian
Iron Man ,3-Dec,3.51,History,1589693,George Morris,Arabic
Rambo I,19-Nov,7.42,Adventure,1964714,Ellen Eyres,Ukrainian
Harry Potter and The Chamber Of Secrets,2-Feb,7.36,Thriller,275971,Catherine Shaw,Malaysian
Snatch,6-Aug,7.18,Comedy,1493786,Estrella Sherry,Sundanese
SING,13-Oct,4.4,Crime,919728,Chelsea Vass,Arabic
Harry Potter and The Sorcerer's Stone,Jul-00,6.08,Thriller,349028,Sage Watson,Yue
Shutter Island,9-Dec,6.86,Romance,1779454,Joseph Ellwood,Hindi
Titanic,Oct-00,7.8,Fantasy,415563,Chester Robinson,Polish
Brimstone,10-Sep,2.49,Animation,455332,Cassandra Collins,Urdu
The Conjuring,11-Aug,5.16,Thriller,951065,Andie Russel,Assamese
Interstellar,Mar-00,5.33,Family,1165541,Tania Jarrett,Chittagonian
Iron Man ,7-Oct,4.69,Comedy,329843,Jayden Adler,Hungarian
The Godfather,13-Mar,8.52,Family,1358982,Chris Stevens,German
Avatar,Nov-00,4.33,Adventure,459270,Elly Simpson,Hakka
The Wolf Of Wallstreet,9-Jun,9.39,Sci-Fi,926139,Matthew Lee,Russian
Rambo II,16-Aug,8.74,History,1928460,Selena Tate,Uzbek
The Dark Knight,6-May,1,Comedy,1905648,Aeris Giles,Somali
The Godfather,18-Jun,8.93,Romance,542139,Naomi Exton,Hungarian
Shutter Island,17-Sep,3.16,Action,1283401,Cecilia Donnelly,Hungarian
Finding Dory,1-Apr,5.25,Crime,1427625,Daniel Rogan,Uyghur
The Conjuring,5-Jun,9.23,Musical,1658770,Jocelyn Warren,Nepali
The Ring,4-May,7.4,Biography,1236622,Maria Phillips,Wu
Avengers Infinity War,8-Apr,5.99,Sci-Fi,1485517,Daniel Russell,Greek
Ice Age 1,8-May,6.13,Biography,738565,Tyler Santos,Spanish
The Notebook,12-Oct,3.92,Drama,981718,Violet Shea,Somali
Avengers Infinity War,May-00,6.85,Biography,317720,Gabriel Herbert,German
Rambo II,Jan-00,9.21,Animation,221264,Faith Jones,Portuguese
Alien,15-Mar,3.06,Comedy,319732,Percy Shepherd,Persian
Zootropolis,9-Sep,9.75,History,418506,Celia Lindsay,Pashto
Casablanca,2-Dec,6.66,Drama,601561,Doris Walker,Belarusian
Ice Age 2,3-Jun,3.14,Action,1211433,Samara Reese,Azerbaijani
Avengers Infinity War,Sep-00,6.7,Fantasy,438701,Brooklyn Clarke,Yue
SING,5-Dec,4.18,Adventure,68523,Willow Rigg,Chittagonian
Fantastic Beasts and Where To Find Them,6-May,9.44,Drama,270008,Martin Donnelly,Mandarin
Allied,7-May,7.13,History,995590,Maria Gordon,Tamil
Inside Out,16-Mar,4.84,Thriller,1764111,Luke Tait,Japanese
Octav,8-Jun,5.84,Musical,804548,Manuel Ellison,Amharic
The Godfather,2-Nov,5.85,Musical,1148552,Sara Carson,Italian
Terminator 2,8-Feb,6.89,Animation,1762064,Cristal Fox,Yue
The Martian,16-May,4.08,Adventure,709345,Danny Niles,Hungarian
Avengers Infinity War,21-Apr,9.97,Sci-Fi,849564,Peter Mcnally,Amharic
Octav,10-Jan,1.45,Romance,1093241,Sage Vass,Tamil
Harry Potter and The Sorcerer's Stone,14-May,6.45,Horror,392279,Adalie Thomas,Greek
Batman Begins,19-Feb,5.66,Horror,1096222,Martin Turner,Uzbek
Brimstone,3-Aug,6.7,Thriller,959904,Aisha Mills,Turkish
The Conjuring,19-Nov,8.59,Family,935828,Oliver Fields,Punjabi
Batman Begins,20-Sep,8.6,Biography,1207891,Jayden Hewitt,Gan Chinese
Wonder Woman,20-Apr,5.89,Sci-Fi,1893360,Mike Mould,Azerbaijani
Harry Potter and The Sorcerer's Stone,12-Nov,5.9,Fantasy,36431,Samara Ulyatt,Sundanese
Snatch,1-Jul,9.36,History,1219603,Julius Downing,Gan Chinese
Love,2-Feb,1.04,Horror,665541,Gabriel Collis,Sindhi
Limitless,9-Feb,4.6,Romance,1985097,Alex Tyrrell,Uyghur
The Wolf Of Wallstreet,11-Nov,2.22,Sci-Fi,1216167,Erick Griffiths,Amharic
Chronicles of Narnia,11-Jun,3.9,Musical,785093,Anthony Shaw,Urdu
Snatch,16-Feb,5.7,Fantasy,259452,Cassidy Blythe,Malaysian
Rambo I,19-Feb,7.91,Comedy,1229770,Dasha Osman,Yue
Shrek,1-Aug,6.51,Biography,1215356,Emely Speed,Chinese
Star Wars,14-May,3.72,Horror,290261,Makenzie Mason,Fula
Harry Potter and The Sorcerer's Stone,10-May,2.06,Comedy,1802283,Mary Reid,Greek
Friends With Kids,21-Jun,7.26,Crime,1568072,Brad Stone,Serbo-Croatian
The Dark Tower,2-Feb,7.13,Family,251073,Robyn Pitt,Italian
Avengers Infinity War,14-Dec,1.12,Adventure,1604528,Enoch Lloyd,Hungarian
Ice Age 2,3-Apr,3,Comedy,1451382,Eileen Parker,Arabic
Love,10-Jun,6.82,Sci-Fi,546132,Willow London,Polish
Blood Diamond,17-Aug,8.9,Biography,1690442,Priscilla Brooks,Pashto
Love,15-Oct,4.64,History,400027,Caitlyn Anderson,Arabic
Avatar,17-Oct,3.93,Fantasy,1263543,Barry John,Assamese
Harry Potter and The Chamber Of Secrets,11-Jan,8.98,Adventure,1503630,Carl Lewis,Sundanese
Batman Begins,2-Jun,7.23,Sci-Fi,709960,Rita Quinton,German
Romeo and Juliet,11-Apr,8.6,Adventure,1181667,Kenzie Glynn,Yoruba
Snatch,9-Feb,2.07,Animation,1275460,Alex Webster,Assamese
Transformers,19-Aug,3.82,Adventure,272632,Claire Lyon,Dutch
Finding Dory,21-Jul,7.36,Fantasy,441496,Clarissa Matthews,Bhojpuri
Ice Age 2,3-Apr,8.13,History,303938,Boris Yarwood,Assamese
Harry Potter and The Chamber Of Secrets,7-Jun,7.2,Adventure,1891435,Percy Gallacher,Hungarian
Alien,17-Mar,5.83,Fantasy,773687,Julius Hale,Thai
Iron Man ,8-May,9.92,Romance,1904744,Gabriel Abbot,Hindi
Allied,10-Feb,9.44,Musical,1088934,Chadwick Reynolds,Hungarian
Alien,6-May,8.3,Crime,809308,Belinda Evans,Vietnamese
SING,15-Apr,3.71,Crime,1193278,Mina Williams,Pashto
Alien,14-Aug,1.46,Comedy,1387407,Anabelle Wheeler,Dutch
The Martian,11-Sep,6.07,Romance,370378,Lily Vass,Mandarin
Allied,20-Jun,4,Fantasy,1134096,Phillip Harrington,Bhojpuri
Thor : Ragnarok,9-Jun,3.84,History,669073,Hank Yoman,Belarusian
Ice Age 2,8-Jun,8.56,History,135037,Jazmin Cobb,Uyghur
The Godfather,11-Jul,7.91,Musical,1721291,Owen Stone,Sindhi
Harry Potter and The Chamber Of Secrets,7-Nov,3.68,Romance,829278,Miriam Weasley,Malaysian
Seven,2-Feb,4.14,Biography,519535,Johnny Jobson,Serbo-Croatian
Terminator I,2-Nov,7.05,Romance,90463,Barry Huggins,Malaysian
Transformers,6-Sep,9.97,Crime,847196,Norah Jones,Yoruba
Chocolat,20-Dec,3.7,History,1132124,Jazmin Norman,Urdu
Transformers,9-Jan,3.28,Adventure,1292692,Melanie Mooney,Hungarian
Rambo II,21-Apr,6.89,Fantasy,729708,Carissa Bailey,Korean
Harry Potter and The Chamber Of Secrets,16-Sep,4.28,Fantasy,333267,Benny Whitehouse,Mandarin
Pretty Woman,19-Jul,7.97,Action,433683,Joseph Swift,Gan Chinese
Ice Age 1,10-Dec,9.76,Drama,1034627,Meredith Cadman,Malaysian
Alien,7-Apr,7.05,History,1134151,Ember Ventura,Hungarian
The Martian,11-Feb,3.87,Comedy,1586852,Kurt Hardwick,Portuguese
Limitless,9-Oct,2.28,Adventure,883113,Owen Ross,Bengali
Avatar,6-Feb,7.76,Family,1829326,Rosemary Anderson,Serbo-Croatian
The Notebook,13-Apr,4.15,Crime,294663,Rose Burge,Russian
Terminator 2,7-Jul,5.32,Action,1628018,Andrea Appleton,Polish
Zootropolis,Apr-00,2.61,Thriller,1546672,Adelaide Overson,Persian
Transformers,3-Mar,8,Thriller,1243879,Mona Brooks,Urdu
Ice Age 1,13-Jan,9.76,Romance,159874,Rachael Mcguire,Malaysian
Brimstone,9-Oct,6.62,Drama,1494652,Hank Flett,Dutch
The Martian,16-Dec,8.31,Thriller,1096403,William Tindall,Romanian
Snatch,3-Aug,2.85,Family,1408006,Benny Walton,Bengali
Batman Begins,16-Dec,6.03,Adventure,1894730,Janelle Kelly,Somali
Seven,3-Apr,1.1,Horror,205467,Julianna Samuel,Thai
Rambo II,14-Nov,7.42,Thriller,376457,Gemma Hewitt,Turkish
The Ring,4-Jun,3.3,Sci-Fi,1917048,Johnathan Kent,Chittagonian
Transformers,4-Apr,8.78,Family,1101019,Jacob Jackson,Swedish
Ice Age 2,21-Feb,6.77,Thriller,1862481,Irene Walsh,Hakka
Friends With Kids,17-Aug,2.02,Adventure,1999034,Alan Morris,Bhojpuri
The Ring,20-Apr,3.88,Biography,808426,Chadwick Bayliss,Vietnamese
Ice Age 2,10-Sep,7,Fantasy,711090,Angela Giles,Fula
Rambo I,14-Dec,8.43,Biography,894172,Maria Anderson,Gan Chinese
Allied,14-Aug,1.26,Musical,646727,Adeline Rossi,Mandarin
The Notebook,14-Sep,9.22,Sci-Fi,448262,Barry Buckley,Dutch
Love,10-Jan,1.5,Family,1286061,Denny Moore,Romanian
Harry Potter and The Sorcerer's Stone,3-May,2.7,Thriller,962744,Enoch Brett,Hungarian
Chocolat,1-Oct,4.62,Thriller,319312,Logan Power,Vietnamese
Snatch,15-Sep,3.62,Biography,935650,Henry Hunt,Fula
Zootropolis,18-Mar,7.85,Animation,1438394,Faith West,Serbo-Croatian
Limitless,13-Aug,5.93,Romance,1400532,Julia London,Portuguese
SING,22-Mar,8.31,Biography,219519,Norah Hunt,Polish
The Dark Knight,Jun-00,2.8,History,1360194,Kate Vaughan,Yoruba
The Notebook,10-Dec,8.63,Romance,1905297,Hayden Cassidy,Japanese
Transformers,13-Jul,9.57,Romance,385745,Marina Rowe,Serbo-Croatian
Octav,21-Oct,2.78,Biography,948011,Rocco Robinson,Korean
The Martian,2-Nov,4.99,Musical,906686,Maxwell Baxter,Mandarin
Snatch,12-Dec,1.73,Crime,54734,Mason Bloom,Hindi
Harry Potter and The Chamber Of Secrets,Apr-00,2.02,Thriller,22068,Lana Ianson,Yue
Snatch,20-Nov,3.92,Thriller,1311617,Rihanna Connor,Gan Chinese
Zootropolis,16-Aug,8.53,Family,1056472,Ellen Vernon,Mandarin
Ice Age 1,4-Jan,4.34,Musical,1110156,Erick Moss,Hungarian
Thor : Ragnarok,20-Nov,4.96,Comedy,1691836,Parker Yarwood,Belarusian
Zootropolis,6-Aug,2.22,History,1391080,Lauren Dyson,Yoruba
Chocolat,21-Sep,7.35,Action,194371,Oliver Dwyer,Somali
Iron Man ,5-Feb,6.47,Romance,1990372,Tyler Denton,Sundanese
American Pie,8-Nov,8.02,Thriller,159053,Aileen Bloom,Russian
Black Panther,15-Jul,4.63,Thriller,1765483,Aileen Brown,Persian
Rambo III,15-Mar,1.23,Crime,1330402,Anthony Rust,Punjabi
Iron Man ,7-Sep,8.71,Action,900361,Courtney Kennedy,Chinese
The Martian,20-Oct,1.17,History,263990,Nate Wilcox,Swedish
Brimstone,18-Aug,4.26,Biography,211954,Mark Murray,Turkish
Shrek,4-Nov,2.63,Action,282891,Daron Dann,English
Star Wars,18-Aug,6.51,Romance,1637836,Hannah Adams,Uyghur
Chocolat,10-Oct,7.5,Animation,919360,Anthony Brett,Czech
Romeo and Juliet,1-May,3.99,Romance,889008,Jack Clifford,French
Fantastic Beasts and Where To Find Them,3-Nov,1.31,Musical,1549368,Cara Thompson,Spanish
Iron Man ,22-May,1.3,Action,1832274,Chad Reid,French
Casablanca,22-Jan,9.92,Biography,1915654,Johnny Hastings,Ukrainian
Pretty Woman,12-Feb,1.59,Musical,1960789,Rosalee Oldfield,French
The Ring,14-Jul,9.87,Fantasy,58310,Bryon Jobson,Hindi
The Conjuring,7-Oct,9.85,Family,27374,Emerald Shea,Nepali
Mr. Bean's Holiday,8-Mar,6.98,Comedy,1440023,John Price,Assamese
Pretty Woman,17-Apr,6.08,Thriller,1008347,Mackenzie Edwards,Bhojpuri
The Notebook,2-Jun,8.84,Romance,885009,Rufus Murphy,Punjabi
The Notebook,19-Feb,7.22,Crime,1714036,Aurelia Varley,Nepali
Zootropolis,21-Jan,1.37,Animation,519595,Isabella Swift,Sundanese
Thor : Ragnarok,6-Mar,2.01,Musical,523362,Peyton Murphy,Bhojpuri
Rambo III,9-Oct,7.17,Biography,943916,Noah Richards,Arabic
Inside Out,13-Dec,5.31,Drama,1964795,Melania Lewin,Chittagonian
Inside Out,22-May,6.41,Horror,655449,Nicole James,Polish
Harry Potter and The Sorcerer's Stone,8-Jul,9.22,Horror,1640963,Tania Lynch,Yoruba
Romeo and Juliet,7-Sep,6.25,Family,643315,Ethan Parker,Arabic
Chronicles of Narnia,22-Jan,3.37,Crime,1970601,Carter Rossi,Turkish
Romeo and Juliet,Nov-00,5.94,Sci-Fi,1825226,Ally Overson,Greek
SING,11-Feb,5.93,Romance,329123,Lexi Redden,Polish
Octav,17-Jun,9.07,Horror,1860915,Jocelyn Porter,Polish
Rambo II,10-Apr,1.49,Family,1040406,Maria Rixon,Hindi
Black Panther,16-Aug,5.83,Horror,1385679,Javier Redfern,German
Snatch,11-Jun,4.41,Animation,746725,Audrey Fulton,Chittagonian
Chocolat,5-Aug,7.88,Drama,1511451,Bryon Sinclair,Fula
Transformers,20-Oct,5.71,Family,1045244,Aleksandra Harrison,Bhojpuri
Rambo II,9-Apr,9.28,Comedy,318814,Ruth Andrews,Somali
Batman Begins,7-Apr,1.45,Musical,1310091,Melinda Miller,Uyghur
Allied,11-Dec,8.68,Biography,1183362,Nick Bradley,Uyghur
Friends With Kids,3-Jan,3.04,Adventure,1679764,Lara Smith,Polish
Romeo and Juliet,4-Sep,2.81,Crime,95527,Madison Addley,Bengali
Batman Begins,15-Feb,4.8,Crime,974947,Nicholas Daniells,Sindhi
Romeo and Juliet,21-Feb,7.11,Sci-Fi,226092,Peter Robinson,Yoruba
Avatar,3-Jul,5.29,Adventure,1309159,Chadwick Gregory,Yue
Star Wars,21-Aug,8.36,Thriller,954436,Liam Archer,Persian
Batman Begins,4-Feb,4.88,Biography,1850336,Owen Dowson,Punjabi
Chocolat,17-Jul,1.31,Animation,1699185,Kenzie Reese,Serbo-Croatian
Fantastic Beasts and Where To Find Them,17-Oct,1.57,Thriller,1842599,Rita Shaw,Wu
Blood Diamond,20-Oct,6.21,Fantasy,909843,Rae Adler,Malaysian
Love,13-Nov,2.61,Animation,1243143,Barney Norburn,French
Pretty Woman,9-Jul,9.89,History,723024,Tania James,Czech
Terminator 2,15-Aug,2.53,Fantasy,398385,Louise Salt,Yoruba
American Pie,11-Sep,7.05,Fantasy,1195273,Bryce Harvey,Nepali
Rambo III,12-Jul,6.93,Romance,64801,Emma Bennett,Gan Chinese
The Dark Tower,9-Jul,3.31,Action,1761765,Paige Walton,Spanish
Blood Diamond,17-Dec,7.31,Biography,787975,Doug Mcguire,Turkish
Finding Dory,4-Sep,5.78,Horror,568442,Benjamin Norton,Polish
Friends With Kids,15-Sep,1.25,Animation,1781030,Charlize Anderson,Dutch
Seven,Jan-00,3.17,Thriller,229492,Charlotte Vallory,Czech
Alien,10-Dec,3.76,Action,466299,Teagan Wilkinson,Hakka
Brimstone,9-Jul,6.52,Action,570354,Enoch Talbot,Chittagonian
Seven,13-Mar,7,Sci-Fi,1550274,Shelby Stevens,Korean
Pretty Woman,17-Jan,6.49,Drama,656574,Matthew Stevens,Portuguese
Black Panther,7-Jun,3.17,Fantasy,91667,Gwen Rodgers,Yue
Zootropolis,12-Mar,1.86,Crime,1098521,Abdul Saunders,Chittagonian
Terminator I,17-Mar,8.64,Action,973787,Mason Booth,Polish
Blood Diamond,6-Jul,4.23,History,650400,Tom Wigley,Assamese
Shrek,20-Sep,1.78,Biography,1304504,Luke Owen,Thai
Titanic,3-Aug,2.47,Action,671588,Keira Rainford,Tamil
Fantastic Beasts and Where To Find Them,Mar-00,2.84,Thriller,463636,Julian Trent,Azerbaijani
The Ring,21-Dec,5.89,Family,490209,Alba Bishop,Korean
Black Panther,14-Apr,7.04,History,565367,Amy Anderson,Gan Chinese
Alien,5-Oct,7.97,Thriller,1937036,Camila Cavanagh,Spanish
Romeo and Juliet,15-Feb,1.88,Thriller,126374,Dorothy Newton,Serbo-Croatian
The Wolf Of Wallstreet,19-Mar,4.76,Biography,361887,Goldie Jackson,Gan Chinese
Shutter Island,11-Apr,6.05,Animation,197086,Tara Weatcroft,Polish
Iron Man ,9-May,3.03,Adventure,1691080,Livia Power,Sindhi
Avengers Infinity War,11-Jun,3.22,Biography,1672586,Lara Clarkson,Vietnamese
Batman Begins,19-Mar,3.16,History,306523,Callie Mcleod,Persian
The Notebook,6-Mar,3.12,Musical,424780,Michael Little,Greek
The Ring,12-Jan,4.37,Fantasy,1395702,Ethan Yoman,Belarusian
SING,20-May,9.57,Sci-Fi,1838155,Tom Reese,Korean
Shutter Island,17-Jan,5.23,Romance,195452,Benjamin Sloan,Italian
Pretty Woman,12-Sep,3.34,Thriller,906747,Jocelyn Vincent,Serbo-Croatian
Seven,Apr-00,8.97,Adventure,428376,Rose Upsdell,Spanish
Octav,17-Nov,1.59,Musical,1923195,Matt Wilcox,Spanish
Interstellar,3-Jan,4.5,Horror,449951,Barry Whittle,Hindi
Pretty Woman,16-Jul,8.38,Family,769064,Adeline Cann,Polish
SING,7-Jun,2,Thriller,636108,Melanie Fowler,Malaysian
Inside Out,17-Jun,2.88,Family,183455,Juliet Speed,Yoruba
Allied,19-Dec,9.01,Animation,1088582,Ethan Woodley,Serbo-Croatian
Wonder Woman,18-Sep,5.36,Horror,979604,Blake Stevenson,Chinese
Terminator 2,19-Aug,9.15,Fantasy,203760,Cecilia King,Mandarin
Harry Potter and The Chamber Of Secrets,9-Nov,5.72,History,1880847,Bart Lunt,Urdu
The Godfather,17-Sep,3.38,Animation,1717569,Marvin Daniells,Hindi
Avatar,17-Mar,2.52,Animation,1367661,Emma Woodley,Ukrainian
Fantastic Beasts and Where To Find Them,Apr-00,7.34,Comedy,1758483,Chadwick Kennedy,Ukrainian
SING,18-Jun,5.03,Horror,173369,Cassandra Kirby,Japanese
Thor : Ragnarok,19-Apr,8.84,Biography,1159989,Chadwick Cooper,Swedish
The Ring,10-Nov,5.52,Horror,764278,Chanelle Baker,Italian
Octav,13-May,5.37,Comedy,1912896,Chris Martin,English
The Martian,17-Oct,6.27,Fantasy,764954,Michael Clifton,English
The Conjuring,6-Jan,3.67,Family,1857564,Sebastian Mcnally,Azerbaijani
Interstellar,7-Mar,9.09,Horror,1092894,Jules Richardson,Yoruba
Inside Out,10-Feb,4.18,Comedy,1898930,David Quinton,Sundanese
Ice Age 2,18-Apr,4.32,Romance,285679,Louise Truscott,Yoruba
Transformers,9-Mar,2.25,Horror,1823466,Analise Roman,Malaysian
Thor : Ragnarok,16-Apr,8.67,Animation,198696,John James,English
The Wolf Of Wallstreet,18-Dec,5.32,Comedy,1310713,Mavis Clark,Serbo-Croatian
The Wolf Of Wallstreet,6-Oct,7.6,History,1249901,Andrea Plumb,Greek
Chocolat,10-Nov,1.53,History,472544,Phoebe Kidd,Bhojpuri
Terminator 2,2-Dec,1.62,Animation,1752393,Chadwick Willson,Assamese
Star Wars,20-Apr,8.66,Thriller,244022,Melanie Russell,Nepali
Rambo III,8-Aug,6.33,Musical,1177951,Nick Jeffery,English
Iron Man ,22-Jan,6.54,Sci-Fi,292888,Martin Roberts,Persian
Casablanca,22-May,2.12,Biography,621042,Alan Andrews,Mandarin
Batman Begins,17-Jun,2.8,Action,1038673,Isla Adler,Hungarian
Star Wars,10-Aug,7.74,Drama,1200210,Nate Clayton,Greek
Snatch,8-Jun,7.3,Animation,103042,Lily Baker,Japanese
Iron Man ,3-Mar,3.37,Action,399041,Selena Barrett,Italian
Terminator I,10-Jun,9.75,Family,1424930,Tyson Torres,Sundanese
The Martian,6-Dec,6.8,Action,947140,Harry Burge,Thai
Limitless,5-Jan,3.26,Family,57276,Judith Doherty,Nepali
Terminator I,1-Jan,3.96,History,682853,Gil Weasley,Gan Chinese
Snatch,20-Jul,6.93,History,708305,Caleb Adler,Arabic
Pretty Woman,6-Apr,2.87,History,1855452,Cristal James,Serbo-Croatian
Chronicles of Narnia,2-Dec,2.01,Thriller,1452768,Sarah Flett,Yue
Iron Man ,1-Dec,3.17,Adventure,598377,Georgia Adler,Arabic
Iron Man ,9-Oct,3.3,Fantasy,1547010,Morgan Bailey,Thai
Friends With Kids,8-Jun,4.14,Comedy,1849866,Mike Bradshaw,Hungarian
Zootropolis,16-Aug,1.87,Action,1691641,Madelyn Ventura,Yoruba
Brimstone,11-Oct,2.23,Romance,1480107,Drew Barrett,Punjabi
Iron Man ,5-Jul,1.98,Horror,1969487,Gemma Briggs,Romanian
Blood Diamond,5-Jan,7.16,Thriller,789093,Rose Lomax,Fula
Wonder Woman,8-Jun,7.55,Drama,1486917,Benjamin Thomas,English
Terminator 2,3-Sep,8.28,Horror,1038897,Ronald Thornton,Russian
The Dark Tower,18-Oct,6.94,Romance,1744927,Cameron Cavanagh,Arabic
Inside Out,15-May,4.2,Horror,1160117,Aileen Stuart,Arabic
Romeo and Juliet,3-Feb,7.56,Fantasy,678033,Anne Trent,Czech
Octav,12-Jun,4.62,History,906372,Andrea Wilson,Sundanese
Casablanca,18-Dec,5.51,Fantasy,1832595,Kurt Robinson,Yoruba
Black Panther,18-Aug,9.11,Animation,976566,Ilona Bloom,Amharic
American Pie,17-Jan,3.17,Fantasy,1407772,Fred Tindall,English
Rambo I,7-Aug,2.1,Biography,556550,Kurt Jackson,Arabic
Iron Man ,10-Mar,1.51,Sci-Fi,1004551,Sydney Spencer,Swedish
Seven,22-Feb,8.57,Crime,1734592,Shelby Stanton,Hakka
Ice Age 2,5-May,6.84,Horror,84458,Winnie Truscott,Uzbek
Thor : Ragnarok,22-Mar,4.26,Comedy,1874708,Percy Wren,Hindi
Harry Potter and The Chamber Of Secrets,18-Jul,2.99,Biography,317279,John Ellis,Italian
Pretty Woman,19-Feb,2.27,Action,178502,Rosie Cowan,Chittagonian
Wonder Woman,6-Mar,1.95,Biography,1666319,Matt Cox,Ukrainian
Allied,4-Jan,2.91,Thriller,643080,Francesca Armstrong,Italian
Allied,12-Aug,9.17,Comedy,1936509,Julian Hood,Mandarin
Seven,17-Mar,9.61,Family,361630,Roger Stone ,Malaysian
Avatar,7-Jun,3.25,Biography,214647,Domenic Silva,Assamese
The Dark Tower,10-Mar,4.43,Action,1786802,Kenzie Ainsworth,Assamese
Black Panther,2-Jan,7.28,History,992746,Denis Blythe,Belarusian
Shrek,21-Jun,4.1,Adventure,1159518,Marilyn Connor,Mandarin
Casablanca,Jul-00,2.81,Biography,221782,Cara Wilde,Amharic
The Dark Tower,18-Aug,4.94,Action,1412826,Peter Walter,Chinese
The Wolf Of Wallstreet,Jun-00,9.57,Musical,1507206,Leroy Latham,Persian
Brimstone,5-Jan,2.84,Sci-Fi,1915334,John Wright,Bhojpuri
Alien,5-Nov,6.84,History,445756,Kurt Bingham,Hakka
Fantastic Beasts and Where To Find Them,17-Jan,4.99,Fantasy,852284,Fred Taylor,Uzbek
Harry Potter and The Sorcerer's Stone,19-Oct,8.93,History,1218876,Nicholas Clarke,Malaysian
Avatar,2-Mar,8.01,Action,909634,Roger Wheeler,Gan Chinese
The Dark Knight,14-Nov,1.14,Musical,285170,Anthony Wren,Spanish
Love,13-Jun,3.21,Musical,1762781,Cedrick Stewart,Bhojpuri
The Ring,3-Jul,9.64,Adventure,1161075,Brad Fox,Chinese
SING,7-Jan,2.51,History,1927761,Makena Garcia,Bengali
Rambo II,2-Mar,9.23,Family,1647325,Chuck Osman,Assamese
Rambo II,14-Jan,1.43,Drama,967428,Cedrick Raven,Sundanese
Harry Potter and The Sorcerer's Stone,2-Dec,4.74,Romance,1776421,Michael Bennett,Yoruba
Love,11-Mar,1.22,Fantasy,267640,Cedrick Villiger,Turkish
Terminator I,19-Jul,8.87,Adventure,889931,David Stewart,Greek
The Notebook,8-Apr,8.14,Musical,388931,Brooklyn Truscott,Dutch
The Wolf Of Wallstreet,7-Aug,5.55,Animation,1437515,Liam Furnell,Spanish
Chocolat,6-Apr,2.38,Crime,1467660,Manuel Adams,Persian
Limitless,12-Jan,8.11,Animation,1833523,Maya Collis,Thai
Chronicles of Narnia,Dec-00,8.92,Drama,861495,Hayden White,Polish
Brimstone,2-Oct,8.42,Sci-Fi,1845094,Agnes Chappell,Romanian
The Notebook,3-Nov,3.34,Comedy,660669,Noemi King,Thai
Rambo I,Mar-00,9.73,History,1645636,Elle Khan,Chinese
Avengers Infinity War,15-Jan,2.42,Action,972437,Matthew Shelton,Uyghur
Terminator 2,9-Apr,9.1,Romance,1385424,Francesca Morley,Polish
Harry Potter and The Sorcerer's Stone,11-May,5.72,Drama,1611267,Carol Drake,Fula
The Dark Knight,15-Jan,1.2,Action,1649966,Mara Ashwell,Yoruba
Shutter Island,14-Mar,1.16,Drama,1465595,Bethany Upton,French
Interstellar,5-Aug,9.26,Comedy,1307407,Marissa Isaac,Russian
Iron Man ,12-Jul,2.39,Adventure,678173,Barney Veale,Russian
Brimstone,5-Jul,7.7,Drama,1153817,Greta Vass,Hakka
Interstellar,19-Dec,6.7,Crime,1649884,Blake Vollans,Thai
Ice Age 2,12-Jun,6.24,Biography,1839962,Gabriel Wilcox,Sindhi
Limitless,7-Dec,6.12,Animation,1317873,Rufus Whittle,Portuguese
Wonder Woman,8-Mar,7.49,Adventure,1749681,Marvin Redwood,Fula
Snatch,6-Jun,8.49,Comedy,1958995,Callie Barclay,Assamese
Shutter Island,21-Dec,3.38,Family,793039,Isabella Moore,Polish
The Godfather,12-Dec,3.29,Musical,312282,Rocco Murray,Thai
Inside Out,6-Jul,6.05,Animation,1125179,Marjorie Tutton,Bhojpuri
Ice Age 2,Nov-00,3.81,Comedy,1643376,Celia Hobson,Spanish
Inside Out,18-Sep,7.14,Sci-Fi,1729894,Gloria Hobson,Wu
Inside Out,15-Oct,7.07,Crime,774784,Mackenzie Porter,Belarusian
Rambo I,6-Mar,5.98,Horror,464638,Alexa Hopkinson,English
Titanic,11-Mar,7.99,Action,1699219,Percy Wallace,Gan Chinese
Terminator 2,4-Jul,9.04,Drama,1287240,Hayden Page ,Bengali
Alien,3-Jul,3.01,Drama,1180332,Destiny Hobbs,Somali
The Conjuring,Nov-00,4.27,Comedy,887572,Remy Reid,German
Friends With Kids,10-Apr,4.75,Family,802310,Clarissa Norton,Swedish
Avatar,6-Nov,6.67,Biography,738311,Julia Yarwood,Urdu
Octav,Apr-00,1.96,Musical,1525863,George Raven,Sindhi
Casablanca,13-Aug,3.59,Comedy,1915932,Stella Anderson,Serbo-Croatian
Iron Man ,12-Jan,8.15,Horror,1160870,Lauren Vaughn,Hakka
Harry Potter and The Sorcerer's Stone,16-Apr,2.45,Drama,1162857,Gil Kelly,Mandarin
The Conjuring,17-Sep,8.95,Family,1667598,Tyson Vaughan,Greek
Finding Dory,20-Nov,1.64,Thriller,1650293,Hayden Parker,Spanish
Black Panther,10-Jun,2.97,Animation,488248,Chadwick Dixon,Swedish
Titanic,13-Jan,3.1,Animation,1938315,Caleb Barclay,Yoruba
Finding Dory,12-Jul,5.63,Musical,1486968,Chris Oakley,Wu
Chocolat,14-Feb,3.75,Romance,1698155,Tyler Addison,Mandarin
The Dark Tower,3-Oct,8.56,Family,1805360,Luke Myatt,English
Alien,1-May,5.5,Biography,1876596,Peter Bennett,Punjabi
The Dark Tower,8-Dec,5.55,History,78518,Russel Wilson,Tamil
The Martian,12-Dec,8.48,Crime,1953464,Julius Middleton,Pashto
American Pie,15-Jun,4.18,Fantasy,765734,Chester Crawley,Hakka
Rambo II,21-Apr,6.85,Action,1019523,Carter Fleming,Korean
Chocolat,11-Jul,7.95,Comedy,982426,Hayden Coleman,Sundanese
Ice Age 2,8-Dec,5.94,Biography,1484348,Bob Benson,Italian
Transformers,12-Dec,6.01,Sci-Fi,1993253,Mason Rogan,French
Mr. Bean's Holiday,13-Feb,1.72,Musical,1388887,Russel Downing,Serbo-Croatian
Titanic,12-Jan,8.72,Animation,1907993,Jacob Terry,French
Harry Potter and The Sorcerer's Stone,11-Dec,5.65,Fantasy,1826363,Denny Dallas,Wu
Brimstone,22-Jun,5.63,Family,932146,Peter Reading,Urdu
Iron Man ,5-Feb,3.65,Fantasy,1101709,Hank Payne,Japanese
Interstellar,5-Oct,1.5,Comedy,1695709,Julian Richards,Serbo-Croatian
Shrek,7-May,8.54,Adventure,413177,Tyson Nobbs,Gan Chinese
Shrek,10-Nov,7.26,History,1971591,Chadwick Bayliss,German
Avengers Infinity War,19-Aug,4.69,Fantasy,1277159,Johnny Bloom,Hakka
Shrek,5-Oct,4.93,Adventure,806256,Matt Dann,Arabic
Shrek,14-Aug,2.8,Thriller,854852,Mason Addis,Portuguese
Blood Diamond,14-Mar,4.91,Drama,191599,Ronald Vane,Swedish
Alien,6-Mar,2.03,Action,1592691,Bart Gregory,Punjabi
The Wolf Of Wallstreet,16-Oct,8.51,Horror,1385843,Daron Booth,Arabic
Limitless,10-Dec,2.95,Sci-Fi,1754372,Caleb Patel,Arabic
Romeo and Juliet,16-Oct,2.03,Thriller,1005249,Javier Blackburn,Czech
Ice Age 2,4-Mar,4.65,Fantasy,1177744,Michael Keys,Romanian
Star Wars,Sep-00,9.85,Thriller,257701,Abdul Norton,Portuguese
Rambo III,8-Feb,9.7,Family,509005,Abdul Veale,Spanish
American Pie,16-Aug,9.68,Romance,375226,Kieth Coll,Malaysian
Chocolat,Mar-00,1.83,Family,1414969,Jayden Kelly,English
Chocolat,12-Feb,2.77,Animation,1691530,David Alcroft,Nepali
Limitless,2-Mar,3.64,History,1173025,Julius Rossi,Korean
Transformers,9-Oct,8.61,Fantasy,1222472,Marvin Rodgers,English
Romeo and Juliet,15-Jun,7.77,Musical,930664,Boris Harris,Uzbek
Blood Diamond,19-May,6.22,Horror,828018,Bryon Avery,English
Rambo II,8-Dec,5.05,Animation,1105567,Anthony Kirby,Russian
Star Wars,15-Aug,6.19,Comedy,388216,Joseph Alldridge,Yue
